"appId","gameName","apiname","name","description","hidden","icon","icongray"
"440","Team Fortress 2","","Head of the Class","Play a complete round with every class.","0","https://steamcdn-a.akamaihd.net/steamcommunity/public/images/apps/440/tf_play_game_everyclass.jpg","https://steamcdn-a.akamaihd.net/steamcommunity/public/images/apps/440/tf_play_game_everyclass_bw.jpg"
"440","Team Fortress 2","","World Traveler","Play a complete game on 2Fort, Dustbowl, Granary, Gravel Pit, Hydro, and Well (CP).","0","https://steamcdn-a.akamaihd.net/steamcommunity/public/images/apps/440/tf_play_game_everymap.jpg","https://steamcdn-a.akamaihd.net/steamcommunity/public/images/apps/440/tf_play_game_everymap_bw.jpg"
"440","Team Fortress 2","","Team Doctor","Accumulate 25000 heal points as a Medic.","0","https://steamcdn-a.akamaihd.net/steamcommunity/public/images/apps/440/tf_get_healpoints.jpg","https://steamcdn-a.akamaihd.net/steamcommunity/public/images/apps/440/tf_get_healpoints_bw.jpg"
"440","Team Fortress 2","","Flamethrower","Set five enemies on fire in 30 seconds.","0","https://steamcdn-a.akamaihd.net/steamcommunity/public/images/apps/440/tf_burn_playersinminimumtime.jpg","https://steamcdn-a.akamaihd.net/steamcommunity/public/images/apps/440/tf_burn_playersinminimumtime_bw.jpg"
"440","Team Fortress 2","","Sentry Gunner","Accumulate 10 sentry gun kills with a single sentry.","0","https://steamcdn-a.akamaihd.net/steamcommunity/public/images/apps/440/tf_get_turretkills.jpg","https://steamcdn-a.akamaihd.net/steamcommunity/public/images/apps/440/tf_get_turretkills_bw.jpg"
"440","Team Fortress 2","","Nemesis","Get five revenge kills.","0","https://steamcdn-a.akamaihd.net/steamcommunity/public/images/apps/440/tf_kill_nemesis.jpg","https://steamcdn-a.akamaihd.net/steamcommunity/public/images/apps/440/tf_kill_nemesis_bw.jpg"
"440","Team Fortress 2","","Hard to Kill","Get five kills in a row without dying.","0","https://steamcdn-a.akamaihd.net/steamcommunity/public/images/apps/440/tf_get_consecutivekills_nodeaths.jpg","https://steamcdn-a.akamaihd.net/steamcommunity/public/images/apps/440/tf_get_consecutivekills_nodeaths_bw.jpg"
"440","Team Fortress 2","","Master of Disguise","Trick an opposing Medic into healing you.","0","https://steamcdn-a.akamaihd.net/steamcommunity/public/images/apps/440/tf_get_healed_byenemy.jpg","https://steamcdn-a.akamaihd.net/steamcommunity/public/images/apps/440/tf_get_healed_byenemy_bw.jpg"
"440","Team Fortress 2","","With Friends Like these...","Play in a game with five or more players from your Friends list.","0","https://steamcdn-a.akamaihd.net/steamcommunity/public/images/apps/440/tf_play_game_friendsonly.jpg","https://steamcdn-a.akamaihd.net/steamcommunity/public/images/apps/440/tf_play_game_friendsonly_bw.jpg"
"440","Team Fortress 2","","Dynasty","Win 20 games.","0","https://steamcdn-a.akamaihd.net/steamcommunity/public/images/apps/440/tf_win_multiplegames.jpg","https://steamcdn-a.akamaihd.net/steamcommunity/public/images/apps/440/tf_win_multiplegames_bw.jpg"
"440","Team Fortress 2","","Hardcore","Accumulate 1000 total kills.","0","https://steamcdn-a.akamaihd.net/steamcommunity/public/images/apps/440/tf_get_multiplekills.jpg","https://steamcdn-a.akamaihd.net/steamcommunity/public/images/apps/440/tf_get_multiplekills_bw.jpg"
"440","Team Fortress 2","","Grey Matter","Get 25 headshots as a Sniper.","0","https://steamcdn-a.akamaihd.net/steamcommunity/public/images/apps/440/tf_get_headshots.jpg","https://steamcdn-a.akamaihd.net/steamcommunity/public/images/apps/440/tf_get_headshots_bw.jpg"
"440","Team Fortress 2","","First Do No Harm","Play a full round without killing any enemies, and score the highest on a team of 6 or more players.","0","https://steamcdn-a.akamaihd.net/steamcommunity/public/images/apps/440/tf_medic_top_scoreboard.jpg","https://steamcdn-a.akamaihd.net/steamcommunity/public/images/apps/440/tf_medic_top_scoreboard_bw.jpg"
"440","Team Fortress 2","","Quadruple Bypass","Heal a teammate who's taking fire from 4 enemies at once.","0","https://steamcdn-a.akamaihd.net/steamcommunity/public/images/apps/440/tf_medic_heal_under_fire.jpg","https://steamcdn-a.akamaihd.net/steamcommunity/public/images/apps/440/tf_medic_heal_under_fire_bw.jpg"
"440","Team Fortress 2","","Group Health","Work with 2 other Medics to deploy 3 simultaneous ÜberCharges.","0","https://steamcdn-a.akamaihd.net/steamcommunity/public/images/apps/440/tf_medic_simul_charge.jpg","https://steamcdn-a.akamaihd.net/steamcommunity/public/images/apps/440/tf_medic_simul_charge_bw.jpg"
"440","Team Fortress 2","","Surgical Prep","Have an ÜberCharge ready before the Setup phase ends.","0","https://steamcdn-a.akamaihd.net/steamcommunity/public/images/apps/440/tf_medic_setup_charge.jpg","https://steamcdn-a.akamaihd.net/steamcommunity/public/images/apps/440/tf_medic_setup_charge_bw.jpg"
"440","Team Fortress 2","","Trauma Queen","Deploy 3 ÜberCharges in less than 5 minutes, and assist in 5 kills during that time.","0","https://steamcdn-a.akamaihd.net/steamcommunity/public/images/apps/440/tf_medic_rapid_charge.jpg","https://steamcdn-a.akamaihd.net/steamcommunity/public/images/apps/440/tf_medic_rapid_charge_bw.jpg"
"440","Team Fortress 2","","Double Blind Trial","Deploy an ÜberCharge within 8 seconds of a nearby enemy Medic deploying his.","0","https://steamcdn-a.akamaihd.net/steamcommunity/public/images/apps/440/tf_medic_counter_charge.jpg","https://steamcdn-a.akamaihd.net/steamcommunity/public/images/apps/440/tf_medic_counter_charge_bw.jpg"
"440","Team Fortress 2","","Play Doctor","In a team with no Medics, be the first person to switch to Medic after a teammate calls for 'Medic!', and then heal 500 health.","0","https://steamcdn-a.akamaihd.net/steamcommunity/public/images/apps/440/tf_medic_switch_to_medic.jpg","https://steamcdn-a.akamaihd.net/steamcommunity/public/images/apps/440/tf_medic_switch_to_medic_bw.jpg"
"440","Team Fortress 2","","Triage","Deploy an ÜberCharge on a teammate less than a second before they're hit by a critical explosive.","0","https://steamcdn-a.akamaihd.net/steamcommunity/public/images/apps/440/tf_medic_save_teammate.jpg","https://steamcdn-a.akamaihd.net/steamcommunity/public/images/apps/440/tf_medic_save_teammate_bw.jpg"
"440","Team Fortress 2","","Preventive Medicine","Block the enemy from capturing a control point with an ÜberCharged teammate.","0","https://steamcdn-a.akamaihd.net/steamcommunity/public/images/apps/440/tf_medic_charge_blocker.jpg","https://steamcdn-a.akamaihd.net/steamcommunity/public/images/apps/440/tf_medic_charge_blocker_bw.jpg"
"440","Team Fortress 2","","Consultation","Assist a fellow Medic in killing 3 enemies in a single life.","0","https://steamcdn-a.akamaihd.net/steamcommunity/public/images/apps/440/tf_medic_assist_medic.jpg","https://steamcdn-a.akamaihd.net/steamcommunity/public/images/apps/440/tf_medic_assist_medic_bw.jpg"
"440","Team Fortress 2","","Does It Hurt When I Do This?","Kill 50 Scouts with your syringe gun.","0","https://steamcdn-a.akamaihd.net/steamcommunity/public/images/apps/440/tf_medic_syringe_scouts.jpg","https://steamcdn-a.akamaihd.net/steamcommunity/public/images/apps/440/tf_medic_syringe_scouts_bw.jpg"
"440","Team Fortress 2","","Peer Review","Kill 10 Medics with your bone saw.","0","https://steamcdn-a.akamaihd.net/steamcommunity/public/images/apps/440/tf_medic_bonesaw_medics.jpg","https://steamcdn-a.akamaihd.net/steamcommunity/public/images/apps/440/tf_medic_bonesaw_medics_bw.jpg"
"440","Team Fortress 2","","Big Pharma","Assist a Heavy in killing 10 enemies, where neither of you die.","0","https://steamcdn-a.akamaihd.net/steamcommunity/public/images/apps/440/tf_medic_assist_heavy_long.jpg","https://steamcdn-a.akamaihd.net/steamcommunity/public/images/apps/440/tf_medic_assist_heavy_long_bw.jpg"
"440","Team Fortress 2","","You'll Feel a Little Prick","Assist in killing 3 enemies with a single ÜberCharge on a Scout.","0","https://steamcdn-a.akamaihd.net/steamcommunity/public/images/apps/440/tf_medic_assist_scout.jpg","https://steamcdn-a.akamaihd.net/steamcommunity/public/images/apps/440/tf_medic_assist_scout_bw.jpg"
"440","Team Fortress 2","","Autoclave","Assist in burning 5 enemies with a single ÜberCharge on a Pyro.","0","https://steamcdn-a.akamaihd.net/steamcommunity/public/images/apps/440/0ce0abd23603f3f558976dbfcb6c8632468ea497.jpg","https://steamcdn-a.akamaihd.net/steamcommunity/public/images/apps/440/b2790e60c1a024e2ef598069cd98607c574f3b4b.jpg"
"440","Team Fortress 2","","Blunt Trauma","Assist in punching 2 enemies with a single ÜberCharge on a Heavy.","0","https://steamcdn-a.akamaihd.net/steamcommunity/public/images/apps/440/tf_medic_assist_heavy.jpg","https://steamcdn-a.akamaihd.net/steamcommunity/public/images/apps/440/tf_medic_assist_heavy_bw.jpg"
"440","Team Fortress 2","","Medical Breakthrough","Assist in destroying 5 enemy Engineer buildings with a single ÜberCharge on a Demoman.","0","https://steamcdn-a.akamaihd.net/steamcommunity/public/images/apps/440/tf_medic_assist_demoman.jpg","https://steamcdn-a.akamaihd.net/steamcommunity/public/images/apps/440/tf_medic_assist_demoman_bw.jpg"
"440","Team Fortress 2","","Midwife Crisis","Heal an Engineer as he repairs his sentry gun while it's under enemy fire.","0","https://steamcdn-a.akamaihd.net/steamcommunity/public/images/apps/440/tf_medic_heal_engineer.jpg","https://steamcdn-a.akamaihd.net/steamcommunity/public/images/apps/440/tf_medic_heal_engineer_bw.jpg"
"440","Team Fortress 2","","Ubi concordia, ibi victoria","Assist in killing 3 enemies on an enemy control point, in a single life.","0","https://steamcdn-a.akamaihd.net/steamcommunity/public/images/apps/440/tf_medic_assist_capturer.jpg","https://steamcdn-a.akamaihd.net/steamcommunity/public/images/apps/440/tf_medic_assist_capturer_bw.jpg"
"440","Team Fortress 2","","Grand Rounds","Heal 200 teammates after they've called for 'Medic!'.","0","https://steamcdn-a.akamaihd.net/steamcommunity/public/images/apps/440/tf_medic_heal_callers.jpg","https://steamcdn-a.akamaihd.net/steamcommunity/public/images/apps/440/tf_medic_heal_callers_bw.jpg"
"440","Team Fortress 2","","Powerhouse Offense","Win 2Fort with a shutout.","0","https://steamcdn-a.akamaihd.net/steamcommunity/public/images/apps/440/tf_win_2fort_noenemycaps.jpg","https://steamcdn-a.akamaihd.net/steamcommunity/public/images/apps/440/tf_win_2fort_noenemycaps_bw.jpg"
"440","Team Fortress 2","","Lightning Offense","Win Well in 5 minutes or less.","0","https://steamcdn-a.akamaihd.net/steamcommunity/public/images/apps/440/tf_win_well_minimumtime.jpg","https://steamcdn-a.akamaihd.net/steamcommunity/public/images/apps/440/tf_win_well_minimumtime_bw.jpg"
"440","Team Fortress 2","","Relentless Offense","Win Hydro without giving up a capture.","0","https://steamcdn-a.akamaihd.net/steamcommunity/public/images/apps/440/tf_win_hydro_noenemycaps.jpg","https://steamcdn-a.akamaihd.net/steamcommunity/public/images/apps/440/tf_win_hydro_noenemycaps_bw.jpg"
"440","Team Fortress 2","","Impenetrable Defense","Successfully defend Dustbowl without giving up a capture.","0","https://steamcdn-a.akamaihd.net/steamcommunity/public/images/apps/440/tf_win_dustbowl_noenemycaps.jpg","https://steamcdn-a.akamaihd.net/steamcommunity/public/images/apps/440/tf_win_dustbowl_noenemycaps_bw.jpg"
"440","Team Fortress 2","","Impossible Defense","Successfully defend Gravel Pit without giving up a capture.","0","https://steamcdn-a.akamaihd.net/steamcommunity/public/images/apps/440/tf_win_gravelpit_noenemycaps.jpg","https://steamcdn-a.akamaihd.net/steamcommunity/public/images/apps/440/tf_win_gravelpit_noenemycaps_bw.jpg"
"440","Team Fortress 2","","Infernal Medicine","Extinguish 100 burning teammates.","0","https://steamcdn-a.akamaihd.net/steamcommunity/public/images/apps/440/tf_medic_extinguish_teammates.jpg","https://steamcdn-a.akamaihd.net/steamcommunity/public/images/apps/440/tf_medic_extinguish_teammates_bw.jpg"
"440","Team Fortress 2","","Doctor Assisted Homicide","Assist in killing 20 nemeses.","0","https://steamcdn-a.akamaihd.net/steamcommunity/public/images/apps/440/tf_medic_assist_vs_nemeses.jpg","https://steamcdn-a.akamaihd.net/steamcommunity/public/images/apps/440/tf_medic_assist_vs_nemeses_bw.jpg"
"440","Team Fortress 2","","Placebo Effect","Kill 2 enemies in a single life, while having your ÜberCharge ready, but undeployed.","0","https://steamcdn-a.akamaihd.net/steamcommunity/public/images/apps/440/tf_medic_kill_while_charged.jpg","https://steamcdn-a.akamaihd.net/steamcommunity/public/images/apps/440/tf_medic_kill_while_charged_bw.jpg"
"440","Team Fortress 2","","Sawbones","Hit enemies with your bonesaw 5 times in a row without dying or missing.","0","https://steamcdn-a.akamaihd.net/steamcommunity/public/images/apps/440/a5f2f35fd6731754b77738f2e31818c451f40f27.jpg","https://steamcdn-a.akamaihd.net/steamcommunity/public/images/apps/440/d235dc957f30655b561b96dd091b894644af25c0.jpg"
"440","Team Fortress 2","","Intern","Accumulate 7000 heal points in a single life.","0","https://steamcdn-a.akamaihd.net/steamcommunity/public/images/apps/440/tf_medic_heal_large.jpg","https://steamcdn-a.akamaihd.net/steamcommunity/public/images/apps/440/tf_medic_heal_large_bw.jpg"
"440","Team Fortress 2","","Specialist","Accumulate 10000 heal points health in a single life.","0","https://steamcdn-a.akamaihd.net/steamcommunity/public/images/apps/440/tf_medic_heal_huge.jpg","https://steamcdn-a.akamaihd.net/steamcommunity/public/images/apps/440/tf_medic_heal_huge_bw.jpg"
"440","Team Fortress 2","","Chief of Staff","Accumulate 1 million total heal points.","0","https://steamcdn-a.akamaihd.net/steamcommunity/public/images/apps/440/tf_medic_heal_grind.jpg","https://steamcdn-a.akamaihd.net/steamcommunity/public/images/apps/440/tf_medic_heal_grind_bw.jpg"
"440","Team Fortress 2","","Hypocritical Oath","Kill an enemy Spy that you have been healing.","0","https://steamcdn-a.akamaihd.net/steamcommunity/public/images/apps/440/tf_medic_kill_healed_spy.jpg","https://steamcdn-a.akamaihd.net/steamcommunity/public/images/apps/440/tf_medic_kill_healed_spy_bw.jpg"
"440","Team Fortress 2","","Medical Intervention","Save a falling teammate from dying on impact.","0","https://steamcdn-a.akamaihd.net/steamcommunity/public/images/apps/440/tf_medic_save_falling_teammate.jpg","https://steamcdn-a.akamaihd.net/steamcommunity/public/images/apps/440/tf_medic_save_falling_teammate_bw.jpg"
"440","Team Fortress 2","","Second Opinion","ÜberCharge 2 teammates at once.","0","https://steamcdn-a.akamaihd.net/steamcommunity/public/images/apps/440/tf_medic_charge_juggle.jpg","https://steamcdn-a.akamaihd.net/steamcommunity/public/images/apps/440/tf_medic_charge_juggle_bw.jpg"
"440","Team Fortress 2","","Autopsy Report","Provide an enemy with a freezecam shot of you taunting above their ragdoll.","0","https://steamcdn-a.akamaihd.net/steamcommunity/public/images/apps/440/tf_medic_freezecam_ragdoll.jpg","https://steamcdn-a.akamaihd.net/steamcommunity/public/images/apps/440/tf_medic_freezecam_ragdoll_bw.jpg"
"440","Team Fortress 2","","FYI I am A Medic","Use your bonesaw to kill a spy who has been calling for 'Medic!'.","0","https://steamcdn-a.akamaihd.net/steamcommunity/public/images/apps/440/tf_medic_bonesaw_spy_callers.jpg","https://steamcdn-a.akamaihd.net/steamcommunity/public/images/apps/440/tf_medic_bonesaw_spy_callers_bw.jpg"
"440","Team Fortress 2","","Family Practice","ÜberCharge 5 of your Steam Community Friends.","0","https://steamcdn-a.akamaihd.net/steamcommunity/public/images/apps/440/tf_medic_charge_friends.jpg","https://steamcdn-a.akamaihd.net/steamcommunity/public/images/apps/440/tf_medic_charge_friends_bw.jpg"
"440","Team Fortress 2","","House Call","Join a game that one of your friends is in and then deploy an ÜberCharge on him.","0","https://steamcdn-a.akamaihd.net/steamcommunity/public/images/apps/440/tf_medic_invite_join_charge.jpg","https://steamcdn-a.akamaihd.net/steamcommunity/public/images/apps/440/tf_medic_invite_join_charge_bw.jpg"
"440","Team Fortress 2","","Bedside Manner","Be healing a teammate as he achieves an achievement of his own.","0","https://steamcdn-a.akamaihd.net/steamcommunity/public/images/apps/440/tf_medic_heal_achiever.jpg","https://steamcdn-a.akamaihd.net/steamcommunity/public/images/apps/440/tf_medic_heal_achiever_bw.jpg"
"440","Team Fortress 2","","Blast Assist","Assist in exploding 5 enemies with a single ÜberCharge on a Soldier.","0","https://steamcdn-a.akamaihd.net/steamcommunity/public/images/apps/440/tf_medic_assist_soldier.jpg","https://steamcdn-a.akamaihd.net/steamcommunity/public/images/apps/440/tf_medic_assist_soldier_bw.jpg"
"440","Team Fortress 2","","Medic Milestone 1","Achieve 10 of the achievements in the Medic pack.","0","https://steamcdn-a.akamaihd.net/steamcommunity/public/images/apps/440/3acf8804413a37c18ea5cdf0738e9a862d53c5f3.jpg","https://steamcdn-a.akamaihd.net/steamcommunity/public/images/apps/440/2d675205e08474d7d2f3605b8f31ae0ed2baf369.jpg"
"440","Team Fortress 2","","Medic Milestone 2","Achieve 16 of the achievements in the Medic pack.","0","https://steamcdn-a.akamaihd.net/steamcommunity/public/images/apps/440/f21fa92f4eade3f9418474c12da16393b897f878.jpg","https://steamcdn-a.akamaihd.net/steamcommunity/public/images/apps/440/494b8d62b6406783daf66ad64b9e469f873e7483.jpg"
"440","Team Fortress 2","","Medic Milestone 3","Achieve 22 of the achievements in the Medic pack.","0","https://steamcdn-a.akamaihd.net/steamcommunity/public/images/apps/440/48c360c7c5bb85ee416f5d33e0c0d852bb9a50a9.jpg","https://steamcdn-a.akamaihd.net/steamcommunity/public/images/apps/440/51544bec4f19351613119a2b74af91e1909c8931.jpg"
"440","Team Fortress 2","","Combined Fire","Use your shotgun to finish off 20 players you've ignited.","0","https://steamcdn-a.akamaihd.net/steamcommunity/public/images/apps/440/63b213325b29d8913e622435c59d09ef8342e277.jpg","https://steamcdn-a.akamaihd.net/steamcommunity/public/images/apps/440/e1be8bc4fca7b406fccce3c80975f11d04a2f961.jpg"
"440","Team Fortress 2","","Weenie Roast","Have 2 enemy Scouts on fire at the same time.","0","https://steamcdn-a.akamaihd.net/steamcommunity/public/images/apps/440/7aacbad2824d8185ae81704a85d1c9398a2a48a0.jpg","https://steamcdn-a.akamaihd.net/steamcommunity/public/images/apps/440/7fb6255772cef4c1d852a7fd0548f033d4b3c777.jpg"
"440","Team Fortress 2","","Baptism by Fire","Force 10 burning enemies to jump into water.","0","https://steamcdn-a.akamaihd.net/steamcommunity/public/images/apps/440/f62904369fb97aa16fa9fce20b033ceba030783c.jpg","https://steamcdn-a.akamaihd.net/steamcommunity/public/images/apps/440/905f8d39fd06c9627faf6bf426557352ab902ed7.jpg"
"440","Team Fortress 2","","Fire and Forget","Kill 15 players while you're dead.","0","https://steamcdn-a.akamaihd.net/steamcommunity/public/images/apps/440/40314dbe77440a68899f23df4a9988311a617671.jpg","https://steamcdn-a.akamaihd.net/steamcommunity/public/images/apps/440/a5ae389e2515af73030fdd231a8399aef91a71bc.jpg"
"440","Team Fortress 2","","Firewall","Ignite 5 Spies who have a sapper on a friendly building.","0","https://steamcdn-a.akamaihd.net/steamcommunity/public/images/apps/440/f31acdb4bfd1db94ef791f1210ed3200202500b8.jpg","https://steamcdn-a.akamaihd.net/steamcommunity/public/images/apps/440/daed6e37660b12053ea7fa9321998355c671798d.jpg"
"440","Team Fortress 2","","Cooking the Books","Ignite 5 enemies carrying your intelligence.","0","https://steamcdn-a.akamaihd.net/steamcommunity/public/images/apps/440/0108bd6ca10deb2e0fa45ce3ea86512802db4780.jpg","https://steamcdn-a.akamaihd.net/steamcommunity/public/images/apps/440/f9f47ff3e4e70ca2b323643e369f6ea946b69b8e.jpg"
"440","Team Fortress 2","","Spontaneous Combustion","Ignite 10 cloaked Spies.","0","https://steamcdn-a.akamaihd.net/steamcommunity/public/images/apps/440/6098a6339bc0fe25a4928d61056270302535b5ad.jpg","https://steamcdn-a.akamaihd.net/steamcommunity/public/images/apps/440/d41502c62f290dd011d9b00225140ab7e7c58d68.jpg"
"440","Team Fortress 2","","Trailblazer","Ignite 10 enemies that have recently used a teleporter.","0","https://steamcdn-a.akamaihd.net/steamcommunity/public/images/apps/440/3cfeb76e9270509f6715cbc11987d443830622b1.jpg","https://steamcdn-a.akamaihd.net/steamcommunity/public/images/apps/440/911c5307a9b16ab3f256c72c0a47e078ba97a24e.jpg"
"440","Team Fortress 2","","Camp Fire","Kill 3 enemies in a row, all within the same area.","0","https://steamcdn-a.akamaihd.net/steamcommunity/public/images/apps/440/9fbe6e36a9e2d61bce8746dd45a1ce19144a6c0b.jpg","https://steamcdn-a.akamaihd.net/steamcommunity/public/images/apps/440/f6f76d07281684d4c04c21ac685000c12fe88ce0.jpg"
"440","Team Fortress 2","","Lumberjack","Kill 3 people with your axe in one life.","0","https://steamcdn-a.akamaihd.net/steamcommunity/public/images/apps/440/118e9e75497e539d847055e3a6b21b3fdd221440.jpg","https://steamcdn-a.akamaihd.net/steamcommunity/public/images/apps/440/2a9bbe4b39680be1b2720d8ee2b441d234603084.jpg"
"440","Team Fortress 2","","Clearcutter","Kill 6 people with your axe in one life.","0","https://steamcdn-a.akamaihd.net/steamcommunity/public/images/apps/440/56165fc4e56d3dbffa7e18650618adaa048f6d36.jpg","https://steamcdn-a.akamaihd.net/steamcommunity/public/images/apps/440/84ba60e80daef936246d53162702220bd521881a.jpg"
"440","Team Fortress 2","","I Fry","Ignite 10 disguised Spies.","0","https://steamcdn-a.akamaihd.net/steamcommunity/public/images/apps/440/c2fef3239a7454e044bcc006d284856c37d7f4b3.jpg","https://steamcdn-a.akamaihd.net/steamcommunity/public/images/apps/440/7306eac0fdcba244b9084879f82c89fed7fc3ae1.jpg"
"440","Team Fortress 2","","Firewatch","Ignite 10 Snipers while they are zoomed in.","0","https://steamcdn-a.akamaihd.net/steamcommunity/public/images/apps/440/16e90c29a9a53a7723afbdbe63f2accb50c14415.jpg","https://steamcdn-a.akamaihd.net/steamcommunity/public/images/apps/440/212a92733def907031c3969f680638bdd7f0baed.jpg"
"440","Team Fortress 2","","Burn Ward","Ignite 3 Medics that are ready to deploy an ÜberCharge.","0","https://steamcdn-a.akamaihd.net/steamcommunity/public/images/apps/440/7e9ee62e7a72700fbad7a9b1219989104767114f.jpg","https://steamcdn-a.akamaihd.net/steamcommunity/public/images/apps/440/ccb2d441db3aad0269459d012e7996d9814b03aa.jpg"
"440","Team Fortress 2","","Makin' Bacon","Kill 50 Heavies with your flamethrower.","0","https://steamcdn-a.akamaihd.net/steamcommunity/public/images/apps/440/59d977181e71ace315915b2f7c1d35e146b0b1a4.jpg","https://steamcdn-a.akamaihd.net/steamcommunity/public/images/apps/440/c13f90d6337a3a3f0066916e94185dcbf75677ee.jpg"
"440","Team Fortress 2","","Plan B","Kill 10 enemies while you're both underwater.","0","https://steamcdn-a.akamaihd.net/steamcommunity/public/images/apps/440/472dfc38bb22457a68db8574e269629d03c000e6.jpg","https://steamcdn-a.akamaihd.net/steamcommunity/public/images/apps/440/0751a92fe6c9fdfbccd0d570e35d47b36b69a17d.jpg"
"440","Team Fortress 2","","Pyrotechnics","Kill 3 enemies in a single ÜberCharge.","0","https://steamcdn-a.akamaihd.net/steamcommunity/public/images/apps/440/0cfc2a135facac2b85781d9b29edd12c2c7ccfeb.jpg","https://steamcdn-a.akamaihd.net/steamcommunity/public/images/apps/440/9a5bf44ce682e672d6c628ddea13972614768594.jpg"
"440","Team Fortress 2","","Arsonist","Destroy 50 Engineer buildings.","0","https://steamcdn-a.akamaihd.net/steamcommunity/public/images/apps/440/e71048d42ec001380aa2008131104ca587f0bcc2.jpg","https://steamcdn-a.akamaihd.net/steamcommunity/public/images/apps/440/ef0aacdcba94d518790230a1b5dcf78481ff7317.jpg"
"440","Team Fortress 2","","Controlled Burn","Ignite 50 enemies capturing one of your control points.","0","https://steamcdn-a.akamaihd.net/steamcommunity/public/images/apps/440/a0bcd9b4a07aa1d8280943b5a5bc3d61b1125fda.jpg","https://steamcdn-a.akamaihd.net/steamcommunity/public/images/apps/440/96d465c06a625bc80e92289066fde1fc77de96ae.jpg"
"440","Team Fortress 2","","Firefighter","Kill 500 enemies.","0","https://steamcdn-a.akamaihd.net/steamcommunity/public/images/apps/440/6eb1f622c395c1c9698617d3002531ea84d8aabe.jpg","https://steamcdn-a.akamaihd.net/steamcommunity/public/images/apps/440/8c9aae232ceee40f44685ad6e012cb40ea999565.jpg"
"440","Team Fortress 2","","Pyromancer","Do 1 million points of total fire damage.","0","https://steamcdn-a.akamaihd.net/steamcommunity/public/images/apps/440/c2eb5c208cec8cafab3374c9d8b3dcda58fae5ef.jpg","https://steamcdn-a.akamaihd.net/steamcommunity/public/images/apps/440/1641c7d94daa59859094e78d6e61298ad127fbac.jpg"
"440","Team Fortress 2","","OMGWTFBBQ","Kill an enemy with a taunt.","0","https://steamcdn-a.akamaihd.net/steamcommunity/public/images/apps/440/ecdfd87aac7570b1ba5efa13d87fa1ca7b76e106.jpg","https://steamcdn-a.akamaihd.net/steamcommunity/public/images/apps/440/9791ac4d14cf8ed5a763c1c00755ab20d79854d4.jpg"
"440","Team Fortress 2","","Got A Light?","Ignite an enemy Spy while he's flicking a cigarette.","0","https://steamcdn-a.akamaihd.net/steamcommunity/public/images/apps/440/bb590c7ca44dfc7eb6a31abb39fae07c47502ac7.jpg","https://steamcdn-a.akamaihd.net/steamcommunity/public/images/apps/440/4f244b30a76e9de5287a82cc3829c7930baa38c7.jpg"
"440","Team Fortress 2","","BarbeQueQ","Cause a dominated player to leave the server.","0","https://steamcdn-a.akamaihd.net/steamcommunity/public/images/apps/440/54cd05cdda3ec504995efc7325290a13018f73eb.jpg","https://steamcdn-a.akamaihd.net/steamcommunity/public/images/apps/440/c89aaf25155ab8a78d436e935823b8b17c147660.jpg"
"440","Team Fortress 2","","Dance Dance Immolation","Kill 3 enemies while they're taunting.","0","https://steamcdn-a.akamaihd.net/steamcommunity/public/images/apps/440/1797608a8a42e825d76b592a5b1baa3599d32138.jpg","https://steamcdn-a.akamaihd.net/steamcommunity/public/images/apps/440/81a0db8106bb2bb04f7a01218d50a01878c46b5f.jpg"
"440","Team Fortress 2","","Pilot Light","Ignite a rocket-jumping Soldier while he's in midair.","0","https://steamcdn-a.akamaihd.net/steamcommunity/public/images/apps/440/c79357d0b398b21379cab2fe8fded04143af15de.jpg","https://steamcdn-a.akamaihd.net/steamcommunity/public/images/apps/440/f61da5ee7db3f110e692f282623b9d17604282dd.jpg"
"440","Team Fortress 2","","Freezer Burn","Provide enemies with freezecam shots of each of your taunts.","0","https://steamcdn-a.akamaihd.net/steamcommunity/public/images/apps/440/dfee76b6423c3e82cc40ece142c1a1c1c0815618.jpg","https://steamcdn-a.akamaihd.net/steamcommunity/public/images/apps/440/8c3ea159df7f2f94581443bcf74c982b6ad130c7.jpg"
"440","Team Fortress 2","","Next of Kindling","Ignite an enemy, and the Medic healing him.","0","https://steamcdn-a.akamaihd.net/steamcommunity/public/images/apps/440/dbdab6cc2f3f8bc723dc4c74a4725ccc11f461ac.jpg","https://steamcdn-a.akamaihd.net/steamcommunity/public/images/apps/440/52beb2b5872b8bcaa03ec2ae404feb9214ed04fd.jpg"
"440","Team Fortress 2","","Hot on Your Heels","Kill 50 enemies with your flamethrower, from behind.","0","https://steamcdn-a.akamaihd.net/steamcommunity/public/images/apps/440/1d6cd72858123248cb2740ea9c69c45a57f545c6.jpg","https://steamcdn-a.akamaihd.net/steamcommunity/public/images/apps/440/318fc6217afafaabb74481236f15ce98cc1bae07.jpg"
"440","Team Fortress 2","","Second Degree Burn","Kill a burning enemy who was ignited by another Pyro.","0","https://steamcdn-a.akamaihd.net/steamcommunity/public/images/apps/440/a3125ded53b477caa08d2e9af9947fd6598a5e98.jpg","https://steamcdn-a.akamaihd.net/steamcommunity/public/images/apps/440/2408a0f972953a591a1134751cbd9ad9283da723.jpg"
"440","Team Fortress 2","","Hotshot","Kill a Soldier with a reflected critical rocket.","0","https://steamcdn-a.akamaihd.net/steamcommunity/public/images/apps/440/98461ecf235c3bd142977a062ffd087d60d6c031.jpg","https://steamcdn-a.akamaihd.net/steamcommunity/public/images/apps/440/1b745b2cee5f4bc9a6a661f37a2f1c23d09a48e1.jpg"
"440","Team Fortress 2","","Fire Chief","Kill 1000 enemies.","0","https://steamcdn-a.akamaihd.net/steamcommunity/public/images/apps/440/0097b7d3dd570aa173d107d36e2647adeadc9e24.jpg","https://steamcdn-a.akamaihd.net/steamcommunity/public/images/apps/440/4eb6e08e5856f1b641be529b723d15df72f5a20d.jpg"
"440","Team Fortress 2","","Attention Getter","Ignite 100 enemies with the flare gun.","0","https://steamcdn-a.akamaihd.net/steamcommunity/public/images/apps/440/024362f564efadd798245c42e0ed1c3ee9e0a284.jpg","https://steamcdn-a.akamaihd.net/steamcommunity/public/images/apps/440/f3661c6e7d7fd647bfa4a251a3a62d82df6cf7fb.jpg"
"440","Team Fortress 2","","Hot Potato","Reflect 100 projectiles with your compressed air blast.","0","https://steamcdn-a.akamaihd.net/steamcommunity/public/images/apps/440/2976550599e437c2a4d8a91567b4deb6184ef6b1.jpg","https://steamcdn-a.akamaihd.net/steamcommunity/public/images/apps/440/8d9c7d2f598a62de7775c95338ee5570d79268c8.jpg"
"440","Team Fortress 2","","Dead Heat","Kill an enemy in the same second that he kills you.","0","https://steamcdn-a.akamaihd.net/steamcommunity/public/images/apps/440/768627663a53790b51f39b4defd1447870071e1e.jpg","https://steamcdn-a.akamaihd.net/steamcommunity/public/images/apps/440/ec6f89035a26a2799163c9f99c6198633790591e.jpg"
"440","Team Fortress 2","","Pyro Milestone 1","Achieve 10 of the achievements in the Pyro pack.","0","https://steamcdn-a.akamaihd.net/steamcommunity/public/images/apps/440/8e656bb6a08ae9963579c4c509dbec2973e8b54c.jpg","https://steamcdn-a.akamaihd.net/steamcommunity/public/images/apps/440/073fc2c96d32b08d87540bb47981da0398278c13.jpg"
"440","Team Fortress 2","","Pyro Milestone 2","Achieve 16 of the achievements in the Pyro pack.","0","https://steamcdn-a.akamaihd.net/steamcommunity/public/images/apps/440/5377ecfc94bd59615e55c9453cefb1d2d126c75b.jpg","https://steamcdn-a.akamaihd.net/steamcommunity/public/images/apps/440/60dc06b26a1a5427dc5ca04c598c342ee0ede797.jpg"
"440","Team Fortress 2","","Pyro Milestone 3","Achieve 22 of the achievements in the Pyro pack.","0","https://steamcdn-a.akamaihd.net/steamcommunity/public/images/apps/440/5cd17769554a97947d9912c3600835eebbd70ef8.jpg","https://steamcdn-a.akamaihd.net/steamcommunity/public/images/apps/440/a896644b41e2db2a13192fc9c642ec154f69a870.jpg"
"440","Team Fortress 2","","Heavy Milestone 1","Achieve 10 of the achievements in the Heavy pack.","0","https://steamcdn-a.akamaihd.net/steamcommunity/public/images/apps/440/b98818a31507ba872e4f92b1ac1fd6a0d5ac20f5.jpg","https://steamcdn-a.akamaihd.net/steamcommunity/public/images/apps/440/0223ef1859de91775ab25eeb83137ca7e64c7b6d.jpg"
"440","Team Fortress 2","","Heavy Milestone 2","Achieve 16 of the achievements in the Heavy pack.","0","https://steamcdn-a.akamaihd.net/steamcommunity/public/images/apps/440/2c701f151731dcd0e8050be6c6fd7f55ee1dc474.jpg","https://steamcdn-a.akamaihd.net/steamcommunity/public/images/apps/440/1a1602da1aaf5f5aed8d78da87f85ce355b44b17.jpg"
"440","Team Fortress 2","","Heavy Milestone 3","Achieve 22 of the achievements in the Heavy pack.","0","https://steamcdn-a.akamaihd.net/steamcommunity/public/images/apps/440/f36813c5713d225db2268e350c7547d380813eee.jpg","https://steamcdn-a.akamaihd.net/steamcommunity/public/images/apps/440/0818c70ae42adb38caefbe0c2bc69e0720e7d6b1.jpg"
"440","Team Fortress 2","","Iron Kurtain","Take 1000 points of damage in a single life.","0","https://steamcdn-a.akamaihd.net/steamcommunity/public/images/apps/440/0657e8cd2acac9f8001bf6f721f7f9b23cc7dc1b.jpg","https://steamcdn-a.akamaihd.net/steamcommunity/public/images/apps/440/c982e0891f5bf5bdfb01be55972fdbe25e1cbd61.jpg"
"440","Team Fortress 2","","Party Loyalty","Kill 50 enemies within 3 seconds of them attacking your Medic.","0","https://steamcdn-a.akamaihd.net/steamcommunity/public/images/apps/440/e974bb13f2da40948651cc09896dad2c0a300ce9.jpg","https://steamcdn-a.akamaihd.net/steamcommunity/public/images/apps/440/31f33ee67948a6be8fc6b20e521e48bea24af82c.jpg"
"440","Team Fortress 2","","Division of Labor","Kill 10 enemies with a Medic assisting you, where neither of you die.","0","https://steamcdn-a.akamaihd.net/steamcommunity/public/images/apps/440/7b5a18b065bfd735b7bd79905c1b53b1dfc2fd6c.jpg","https://steamcdn-a.akamaihd.net/steamcommunity/public/images/apps/440/847aa985ffb6b03d9fed73b3f866195070f0a6fe.jpg"
"440","Team Fortress 2","","Red Oktoberfest","Earn a domination for a Medic who's healing you.","0","https://steamcdn-a.akamaihd.net/steamcommunity/public/images/apps/440/2cbf9d9fe5192b2497ec6d0f1a4dec179fb7f390.jpg","https://steamcdn-a.akamaihd.net/steamcommunity/public/images/apps/440/e4fab565b0063e29b474897f9690b73374b6cbfa.jpg"
"440","Team Fortress 2","","Show Trial","Kill an enemy with a taunt.","0","https://steamcdn-a.akamaihd.net/steamcommunity/public/images/apps/440/896d8630b67f41fb71de6daa3a463b84f263b8a4.jpg","https://steamcdn-a.akamaihd.net/steamcommunity/public/images/apps/440/aa47f7d16432db5036d7b9125c3e1c4c83720fe8.jpg"
"440","Team Fortress 2","","Crime and Punishment","Kill 10 enemies carrying your intelligence.","0","https://steamcdn-a.akamaihd.net/steamcommunity/public/images/apps/440/b06391a97668705d3522d7c44e232e36742aeb43.jpg","https://steamcdn-a.akamaihd.net/steamcommunity/public/images/apps/440/d970ef038c5ca4c0a362280d85794bad680b890c.jpg"
"440","Team Fortress 2","","Class Struggle","Work with a friendly Medic to kill an enemy Heavy & Medic pair.","0","https://steamcdn-a.akamaihd.net/steamcommunity/public/images/apps/440/66ef5516aae298c3a4d1fb6492acbe1558aef49b.jpg","https://steamcdn-a.akamaihd.net/steamcommunity/public/images/apps/440/ddc1d0e7c40d0aafe425229435e9a142626fe281.jpg"
"440","Team Fortress 2","","Soviet Block","While invulnerable and on defense, block an invulnerable enemy Heavy's movement.","0","https://steamcdn-a.akamaihd.net/steamcommunity/public/images/apps/440/f2346220adb7b41bcb456cf228cd5951399aa71c.jpg","https://steamcdn-a.akamaihd.net/steamcommunity/public/images/apps/440/5aaaded4bb5bb4faee0730ae1387e6160d130bbb.jpg"
"440","Team Fortress 2","","Stalin the Kart","Block the enemy from moving the payload cart 25 times.","0","https://steamcdn-a.akamaihd.net/steamcommunity/public/images/apps/440/26e419dd8168f60fc393437b89bb0402c14c2b24.jpg","https://steamcdn-a.akamaihd.net/steamcommunity/public/images/apps/440/d4ffeebcb4c9d1d89394ddb97e894af06d31ed9a.jpg"
"440","Team Fortress 2","","Supreme Soviet","Get ÜberCharged 50 times.","0","https://steamcdn-a.akamaihd.net/steamcommunity/public/images/apps/440/35cd5b3b3d4eb284dced7a608ffa526ba0ed7001.jpg","https://steamcdn-a.akamaihd.net/steamcommunity/public/images/apps/440/14428d20580859d5a36a822e78b8d3dda41bcf42.jpg"
"440","Team Fortress 2","","Factory Worker","Kill 20 enemies while being recharged by a dispenser.","0","https://steamcdn-a.akamaihd.net/steamcommunity/public/images/apps/440/08bdcc1259b2694edb9088b70c5051290f14fc66.jpg","https://steamcdn-a.akamaihd.net/steamcommunity/public/images/apps/440/56b36e1a6f5a090ad42a11b65cf4a20462aee5dc.jpg"
"440","Team Fortress 2","","Soviet Union","Get 25 enemy kills where you either assist or are assisted by another Heavy.","0","https://steamcdn-a.akamaihd.net/steamcommunity/public/images/apps/440/2a73b3bb932944303a11e25319a0c90252821c75.jpg","https://steamcdn-a.akamaihd.net/steamcommunity/public/images/apps/440/6875f1e7a22b84b21fcfb853ea34f965cb19c4be.jpg"
"440","Team Fortress 2","","0wn the Means of Production","Remove 20 stickybombs by killing the Demomen who produced them.","0","https://steamcdn-a.akamaihd.net/steamcommunity/public/images/apps/440/8649822ddfc650ff50d56a7c36c94a67e579df03.jpg","https://steamcdn-a.akamaihd.net/steamcommunity/public/images/apps/440/2f34b47fd473c0eea429a23eb58e27ce725164f7.jpg"
"440","Team Fortress 2","","Krazy Ivan","Kill 50 enemies while both you and your victim are underwater.","0","https://steamcdn-a.akamaihd.net/steamcommunity/public/images/apps/440/957daad8f6b9f237620e0326f38cbf941c60a9d1.jpg","https://steamcdn-a.akamaihd.net/steamcommunity/public/images/apps/440/34b787ce4e47ef0e206ecd52626b053da13e18c4.jpg"
"440","Team Fortress 2","","Rasputin","In a single life, get shot, burned, bludgeoned, and receive explosive damage.","0","https://steamcdn-a.akamaihd.net/steamcommunity/public/images/apps/440/75f010adbdf23828c781ea4fc5df9eb3dd3efdcb.jpg","https://steamcdn-a.akamaihd.net/steamcommunity/public/images/apps/440/5e949e6a19ae901836ec243adcf4f925a0ef1240.jpg"
"440","Team Fortress 2","","Icing on the Cake","Get 20 kills on players that you're dominating.","0","https://steamcdn-a.akamaihd.net/steamcommunity/public/images/apps/440/82b0ddea8634845f02ff4ea1b164079ea24de318.jpg","https://steamcdn-a.akamaihd.net/steamcommunity/public/images/apps/440/8539b28b36ffc69476f0dd08daa086f17a4f9037.jpg"
"440","Team Fortress 2","","Crock Block","Survive a direct hit from a critical rocket.","0","https://steamcdn-a.akamaihd.net/steamcommunity/public/images/apps/440/7b026968cf4bc5f41b13555dba6d380843346c0d.jpg","https://steamcdn-a.akamaihd.net/steamcommunity/public/images/apps/440/0b397d465f83cf17c6f67ace66a504e82a946cfb.jpg"
"440","Team Fortress 2","","Kollectivization","Get 1000 assists.","0","https://steamcdn-a.akamaihd.net/steamcommunity/public/images/apps/440/da2004f2ec32296d3d2402d5f60df5e16644d021.jpg","https://steamcdn-a.akamaihd.net/steamcommunity/public/images/apps/440/a527a3a25c699011befc0aa9aa4d44b3e7fd43f0.jpg"
"440","Team Fortress 2","","Spyalectical Materialism","Kill or assist in killing 10 cloaked Spies.","0","https://steamcdn-a.akamaihd.net/steamcommunity/public/images/apps/440/972d268a81a153260b4a515de3d0d100566ad0ae.jpg","https://steamcdn-a.akamaihd.net/steamcommunity/public/images/apps/440/e0dd4bd3a147be78420e6a82f011a8f5fe2f3c4e.jpg"
"440","Team Fortress 2","","Permanent Revolution","Kill 5 enemies without spinning down your gun.","0","https://steamcdn-a.akamaihd.net/steamcommunity/public/images/apps/440/3fa5f0aed6a7d26ba583488dd90874c7874dbabd.jpg","https://steamcdn-a.akamaihd.net/steamcommunity/public/images/apps/440/1514116037395cc722640d071a0e3f13994c718c.jpg"
"440","Team Fortress 2","","Heavy Industry","Fire $200,000 worth of minigun rounds in a single life.","0","https://steamcdn-a.akamaihd.net/steamcommunity/public/images/apps/440/55825c6530d0047c4298defdf0482ae2b13065e0.jpg","https://steamcdn-a.akamaihd.net/steamcommunity/public/images/apps/440/354f14a8e7368be6e5a014d53a2b88a0b19f46a0.jpg"
"440","Team Fortress 2","","Communist Mani-Fisto","Kill an enemy with a critical punch.","0","https://steamcdn-a.akamaihd.net/steamcommunity/public/images/apps/440/096c4bdff778dd9559e929768a280e3db0271e90.jpg","https://steamcdn-a.akamaihd.net/steamcommunity/public/images/apps/440/d0b1c10ece49201fbac2ee35cece320d75b517ee.jpg"
"440","Team Fortress 2","","Redistribution of Health","Heal 1000 damage with med-kits in a single life.","0","https://steamcdn-a.akamaihd.net/steamcommunity/public/images/apps/440/792b8c02d2ac821c2611b857a13a98d7e7c23321.jpg","https://steamcdn-a.akamaihd.net/steamcommunity/public/images/apps/440/bd63a21bf0d49e5227e3e31b71b139dcbf3506d2.jpg"
"440","Team Fortress 2","","Rationing","Kill an enemy with your shotgun while you're out of minigun ammo.","0","https://steamcdn-a.akamaihd.net/steamcommunity/public/images/apps/440/8554257692075d010a27e2c78160456cdcf8efa7.jpg","https://steamcdn-a.akamaihd.net/steamcommunity/public/images/apps/440/899028390313c6a31ed8d81652507e66438ce862.jpg"
"440","Team Fortress 2","","Vanguard Party","Be the first on your team to start capturing a control point in a round.","0","https://steamcdn-a.akamaihd.net/steamcommunity/public/images/apps/440/2c08e318ed3ee60827a5816c9c8adad26f456227.jpg","https://steamcdn-a.akamaihd.net/steamcommunity/public/images/apps/440/c2abd229eb67bf9a0d53d20af094fec4331be9a0.jpg"
"440","Team Fortress 2","","Pushkin the Kart","Get 50 caps on payload maps.","0","https://steamcdn-a.akamaihd.net/steamcommunity/public/images/apps/440/d27828e67f61114e82fad9781419e070e65dfafc.jpg","https://steamcdn-a.akamaihd.net/steamcommunity/public/images/apps/440/680de0d44b08e2bd938831a8b07cc059e9a6e2f1.jpg"
"440","Team Fortress 2","","Marxman","Kill 10 enemies in mid-air with the minigun.","0","https://steamcdn-a.akamaihd.net/steamcommunity/public/images/apps/440/a0105805e82147c69d57e67d98982252fd2a8ce2.jpg","https://steamcdn-a.akamaihd.net/steamcommunity/public/images/apps/440/d7e01ff5e6f3896fa362aa1701fa7d068eeaa6af.jpg"
"440","Team Fortress 2","","Gorky Parked","Kill 25 enemies while you're standing on a control point you own.","0","https://steamcdn-a.akamaihd.net/steamcommunity/public/images/apps/440/79bdfdc72d63aebaec6f89e676259523411dbadd.jpg","https://steamcdn-a.akamaihd.net/steamcommunity/public/images/apps/440/60960eae646747412c3867db93b0d1076e4fc609.jpg"
"440","Team Fortress 2","","Purge","Kill 15 enemies capturing a control point you own.","0","https://steamcdn-a.akamaihd.net/steamcommunity/public/images/apps/440/c6091edd2f68068e069e22d17e24fb3ffc6b1579.jpg","https://steamcdn-a.akamaihd.net/steamcommunity/public/images/apps/440/5c6c01b8de77e6ed425b96385164aced1a949ed7.jpg"
"440","Team Fortress 2","","Lenin A Hand","Help 5 teammates get revenge on their nemeses.","0","https://steamcdn-a.akamaihd.net/steamcommunity/public/images/apps/440/f87cd288e47d974fe5b51a454c25ad21e1a81534.jpg","https://steamcdn-a.akamaihd.net/steamcommunity/public/images/apps/440/c060a7d6d2523c2f7b775aba9e3a8978c29d0104.jpg"
"440","Team Fortress 2","","Five Second Plan","Kill an enemy in the first 5 seconds after you exit a teleporter.","0","https://steamcdn-a.akamaihd.net/steamcommunity/public/images/apps/440/2b56ba873c88925eb0d46a95dbe3a44175811f7a.jpg","https://steamcdn-a.akamaihd.net/steamcommunity/public/images/apps/440/95ab9ca37a3c85b74ac09aab5f5519d687891106.jpg"
"440","Team Fortress 2","","Photostroika","Provide an enemy with a freezecam shot of you taunting while invulnerable.","0","https://steamcdn-a.akamaihd.net/steamcommunity/public/images/apps/440/cfaca9db6f57f9deaf4c1a06051eccd06df24a89.jpg","https://steamcdn-a.akamaihd.net/steamcommunity/public/images/apps/440/73754672f3dc7543f645545ffd73e90f42c8d779.jpg"
"440","Team Fortress 2","","Konspicuous Konsumption","Eat 100 sandviches.","0","https://steamcdn-a.akamaihd.net/steamcommunity/public/images/apps/440/0f45173a366cc59b5ed0d60681b24c5a9e71d6af.jpg","https://steamcdn-a.akamaihd.net/steamcommunity/public/images/apps/440/dafdac19dd04083d76cd68adfaffbdcb6415efa5.jpg"
"440","Team Fortress 2","","Don't Touch Sandvich","Kill 50 Scouts using Natascha.","0","https://steamcdn-a.akamaihd.net/steamcommunity/public/images/apps/440/e3955faaf2f7f140f24718af5ab6b3b256265c7f.jpg","https://steamcdn-a.akamaihd.net/steamcommunity/public/images/apps/440/cf97220635537efcc9b59e7394a03cb4cb8dca9c.jpg"
"440","Team Fortress 2","","Borscht Belt","Kill 10 Heavies with The K.G.B.","0","https://steamcdn-a.akamaihd.net/steamcommunity/public/images/apps/440/0307e28a8f5faa8e99ee27673229f97ad1c981d8.jpg","https://steamcdn-a.akamaihd.net/steamcommunity/public/images/apps/440/eaf97b4d0d1939f60fa805e6c3b9604c39a3b0bf.jpg"
"440","Team Fortress 2","","First Blood","Get the first kill in an Arena or Competitive match.","0","https://steamcdn-a.akamaihd.net/steamcommunity/public/images/apps/440/26eccd73936fcf077ee87a2a92a7dae6388ba113.jpg","https://steamcdn-a.akamaihd.net/steamcommunity/public/images/apps/440/4e5c0c8b26d39662541a8df12ac8412eef2ca8c4.jpg"
"440","Team Fortress 2","","First Blood, Part 2","Kill 5 enemies with the First Blood crit buff in an Arena match.","0","https://steamcdn-a.akamaihd.net/steamcommunity/public/images/apps/440/274216963d2a76732004547eb5dc27eaa3acb4bc.jpg","https://steamcdn-a.akamaihd.net/steamcommunity/public/images/apps/440/5a24d33dd1472479dcdd37495d5f2fde5584c5d1.jpg"
"440","Team Fortress 2","","Quick Hook","Kill a player in Well before the round starts.","0","https://steamcdn-a.akamaihd.net/steamcommunity/public/images/apps/440/99bcc1e8168cd10e4244afbce2be0171677c5c3b.jpg","https://steamcdn-a.akamaihd.net/steamcommunity/public/images/apps/440/476d88a78ca1c007581a4ca750e8cf0e61ab2c1d.jpg"
"440","Team Fortress 2","","A Year to Remember","Get 2004 lifetime kills.","0","https://steamcdn-a.akamaihd.net/steamcommunity/public/images/apps/440/37a4bfc04901a7057fee7eca4c1bb7c14fa1b32c.jpg","https://steamcdn-a.akamaihd.net/steamcommunity/public/images/apps/440/70ac5536184a497d5471cf7518ad72efbc7e9038.jpg"
"440","Team Fortress 2","","The Cycle","In a single life, kill an enemy while you are on the ground, in the air, and in the water.","0","https://steamcdn-a.akamaihd.net/steamcommunity/public/images/apps/440/c0810d76da47b76f1f2ed366ec95cf2fb1260528.jpg","https://steamcdn-a.akamaihd.net/steamcommunity/public/images/apps/440/feac0b572856f28ab0f1a393c5906ac3ace2b41a.jpg"
"440","Team Fortress 2","","Closer","Destroy 3 teleporter entrances.","0","https://steamcdn-a.akamaihd.net/steamcommunity/public/images/apps/440/63a71f25202aab4e0637fc586db3b90e25e02fa8.jpg","https://steamcdn-a.akamaihd.net/steamcommunity/public/images/apps/440/f9d2d22263a4dda1d18889e609b1ccd313e84133.jpg"
"440","Team Fortress 2","","If You Build It","Destroy 3 enemy buildings while they are still under construction.","0","https://steamcdn-a.akamaihd.net/steamcommunity/public/images/apps/440/0fb5ee9aae73df19aeae7c54e9d26c5ac9fc8c2d.jpg","https://steamcdn-a.akamaihd.net/steamcommunity/public/images/apps/440/0a08f0d9bb4fb707992f04e9e2352bc2ded5c2e7.jpg"
"440","Team Fortress 2","","Gun Down","Destroy an active sentry gun using your pistol.","0","https://steamcdn-a.akamaihd.net/steamcommunity/public/images/apps/440/0735d29ad5370763b5efd22f4acd042510e57f78.jpg","https://steamcdn-a.akamaihd.net/steamcommunity/public/images/apps/440/60c32620a6c11fd3217b922544172f3fee40b43d.jpg"
"440","Team Fortress 2","","Scout Milestone 1","Achieve 10 of the achievements in the Scout pack.","0","https://steamcdn-a.akamaihd.net/steamcommunity/public/images/apps/440/72c96dae49cef814628b8d98ba88c46bbf5d9956.jpg","https://steamcdn-a.akamaihd.net/steamcommunity/public/images/apps/440/9768a9f1730b2bcafb28dc5e2a44aa893204bb2c.jpg"
"440","Team Fortress 2","","Scout Milestone 2","Achieve 16 of the achievements in the Scout pack.","0","https://steamcdn-a.akamaihd.net/steamcommunity/public/images/apps/440/f8b98f93e9ffc305704ab9792f877ad5c198d5d8.jpg","https://steamcdn-a.akamaihd.net/steamcommunity/public/images/apps/440/92b9886e58c1a7cb7667baba924f20620b42d9b5.jpg"
"440","Team Fortress 2","","Scout Milestone 3","Achieve 22 of the achievements in the Scout pack.","0","https://steamcdn-a.akamaihd.net/steamcommunity/public/images/apps/440/f36813c5713d225db2268e350c7547d380813eee.jpg","https://steamcdn-a.akamaihd.net/steamcommunity/public/images/apps/440/821f74eb3fd94e240902aa924d40d9238eeef074.jpg"
"440","Team Fortress 2","","Batter Up","Perform 1000 double jumps.","0","https://steamcdn-a.akamaihd.net/steamcommunity/public/images/apps/440/ac534e0736fc9174737837e956b3f0e1c0283b64.jpg","https://steamcdn-a.akamaihd.net/steamcommunity/public/images/apps/440/81d9a28f9d8888f6e2a79a2dd584200d98b4539b.jpg"
"440","Team Fortress 2","","Doctoring the Ball","Kill 3 enemies while under the effects of a Medic's ÜberCharge.","0","https://steamcdn-a.akamaihd.net/steamcommunity/public/images/apps/440/525d4e1b01f7358352dfd18661f086b14fa0db96.jpg","https://steamcdn-a.akamaihd.net/steamcommunity/public/images/apps/440/4fb8fd6b554ae662c1dce2ed626017aeef55e17d.jpg"
"440","Team Fortress 2","","Dodgers 1, Giants 0","Kill an enemy Heavy and take his Sandvich.","0","https://steamcdn-a.akamaihd.net/steamcommunity/public/images/apps/440/7d771b6dbf2c4c410798aa331570af52639894d6.jpg","https://steamcdn-a.akamaihd.net/steamcommunity/public/images/apps/440/c3417b6fdaf258f35a8484bceb10607c0995884e.jpg"
"440","Team Fortress 2","","Batting the Doctor","Kill a Medic that is ready to deploy an ÜberCharge.","0","https://steamcdn-a.akamaihd.net/steamcommunity/public/images/apps/440/2353a0cd9ae8e72c961b43ff4a21147d63b62997.jpg","https://steamcdn-a.akamaihd.net/steamcommunity/public/images/apps/440/6f60c7d1d5ecb4f3eb51179670ab054b37b49ed0.jpg"
"440","Team Fortress 2","","I'm Bat Man","Survive 500 damage in one life.","0","https://steamcdn-a.akamaihd.net/steamcommunity/public/images/apps/440/d435d3ed6d7becd525b17753a882d794ec76fb7e.jpg","https://steamcdn-a.akamaihd.net/steamcommunity/public/images/apps/440/86494ca645f0d4c167f8dd847dde911e6a3a822d.jpg"
"440","Team Fortress 2","","Pop Fly","Kill 20 players while double-jumping.","0","https://steamcdn-a.akamaihd.net/steamcommunity/public/images/apps/440/0ae2432f8195d5e5b1eb1f1fa4e3ddc5d1380d65.jpg","https://steamcdn-a.akamaihd.net/steamcommunity/public/images/apps/440/1d755485e5f744e44ef39daed625a9c59bc67887.jpg"
"440","Team Fortress 2","","Round-Tripper","Capture the enemy intelligence 25 times.","0","https://steamcdn-a.akamaihd.net/steamcommunity/public/images/apps/440/f775f2b66b2d786126d42a616d4d75bf74ecb7f1.jpg","https://steamcdn-a.akamaihd.net/steamcommunity/public/images/apps/440/bb6e9099e29244f656819136ae11ce9fa3d5da15.jpg"
"440","Team Fortress 2","","Triple Steal","Capture the enemy intelligence 3 times in a single CTF round.","0","https://steamcdn-a.akamaihd.net/steamcommunity/public/images/apps/440/353e5c674fb19efcb0b5c5f157ec96b70f6b2cb8.jpg","https://steamcdn-a.akamaihd.net/steamcommunity/public/images/apps/440/00b875a0d37242fedd8a9dbbf40453f615f2464f.jpg"
"440","Team Fortress 2","","Artful Dodger","Dodge 1000 damage in a single life using your Bonk! Atomic Punch.","0","https://steamcdn-a.akamaihd.net/steamcommunity/public/images/apps/440/856696157085afc2ef3c81427317f8c5637ca4fd.jpg","https://steamcdn-a.akamaihd.net/steamcommunity/public/images/apps/440/3ca7ebd5c199674dde054beff5f8d907211a5750.jpg"
"440","Team Fortress 2","","Fall Classic","Cause an environmental death or suicide using the Force-A-Nature's knockback.","0","https://steamcdn-a.akamaihd.net/steamcommunity/public/images/apps/440/d4dc7bca643f99414d6add25d9bbb62fc7a3f586.jpg","https://steamcdn-a.akamaihd.net/steamcommunity/public/images/apps/440/c54422d29d44e810e3e57848c2883cb9f543e110.jpg"
"440","Team Fortress 2","","Strike Zone","Kill or assist kill 50 enemies while they are stunned or slowed.","0","https://steamcdn-a.akamaihd.net/steamcommunity/public/images/apps/440/1d38109372694f318460a9af3bd10e15e2c8e96a.jpg","https://steamcdn-a.akamaihd.net/steamcommunity/public/images/apps/440/9d0c04bbea075c47ba430852b18c09a124442f23.jpg"
"440","Team Fortress 2","","Foul Territory","Cause an environmental death by stunning or slowing an enemy.","0","https://steamcdn-a.akamaihd.net/steamcommunity/public/images/apps/440/e55db2913fa01650be6fc838ce15b369ec458956.jpg","https://steamcdn-a.akamaihd.net/steamcommunity/public/images/apps/440/158cc2fa6af4a21ef743df9e8de259bf6ee6bdb3.jpg"
"440","Team Fortress 2","","The Big Hurt","Stun 2 Medics that are ready to deploy an ÜberCharge.","0","https://steamcdn-a.akamaihd.net/steamcommunity/public/images/apps/440/fca1e2b9f0015d15187e7b2cdb948f155ef067e9.jpg","https://steamcdn-a.akamaihd.net/steamcommunity/public/images/apps/440/3db864d73dcbdce2d9138f1a34d5e49e87b279f3.jpg"
"440","Team Fortress 2","","Brushback","Stun 50 enemies while they are capturing a point or pushing the cart.","0","https://steamcdn-a.akamaihd.net/steamcommunity/public/images/apps/440/f1e1bdb93fc806170ea25afbccde490937f061ce.jpg","https://steamcdn-a.akamaihd.net/steamcommunity/public/images/apps/440/ad242458993ded10c642a39f80b5de0b0fda8f84.jpg"
"440","Team Fortress 2","","Moon Shot","Stun an enemy for the maximum possible duration by hitting them with a long-range ball.","0","https://steamcdn-a.akamaihd.net/steamcommunity/public/images/apps/440/5a6448aee34befafaed35bcd7cac348b23354b0b.jpg","https://steamcdn-a.akamaihd.net/steamcommunity/public/images/apps/440/83a1de190d86b00982a88bf29948ac333948339f.jpg"
"440","Team Fortress 2","","Beanball","Stun a Scout with their own ball.","0","https://steamcdn-a.akamaihd.net/steamcommunity/public/images/apps/440/98d7179803dd3250b1e96c9f911c7db0b39a7ccd.jpg","https://steamcdn-a.akamaihd.net/steamcommunity/public/images/apps/440/1f5c5a08da3827ed4bd16c967c77274ccd7f6c04.jpg"
"440","Team Fortress 2","","Retire the Runner","Kill a Scout while they are under the effect of Crit-a-Cola.","0","https://steamcdn-a.akamaihd.net/steamcommunity/public/images/apps/440/7acbb4670c9f95a3c9ad9d1e085d13d8cdace4f6.jpg","https://steamcdn-a.akamaihd.net/steamcommunity/public/images/apps/440/bf9064161dbfc0845f97d6f8af04f7dc37eb4540.jpg"
"440","Team Fortress 2","","Caught Napping","Kill 50 enemies from behind with the Force-A-Nature.","0","https://steamcdn-a.akamaihd.net/steamcommunity/public/images/apps/440/4b0c92a4fe0218334241f265a81f77dc13b28e99.jpg","https://steamcdn-a.akamaihd.net/steamcommunity/public/images/apps/440/3696a25a16e8b7c017535b04ab0735b52e8a7bcd.jpg"
"440","Team Fortress 2","","Side Retired","Capture the last point in a CP map.","0","https://steamcdn-a.akamaihd.net/steamcommunity/public/images/apps/440/f6941920d6c4d87962785f9581351bdd32427a13.jpg","https://steamcdn-a.akamaihd.net/steamcommunity/public/images/apps/440/88bedf28e017457209b7a4deaaa3777507a24b2b.jpg"
"440","Team Fortress 2","","Triple Play","Capture three capture points in a row in one life.","0","https://steamcdn-a.akamaihd.net/steamcommunity/public/images/apps/440/39600fc1fdf1c64af2c450dcaf75e1e296424037.jpg","https://steamcdn-a.akamaihd.net/steamcommunity/public/images/apps/440/3a2507203fc37035f19d102b20f5b358d115fb84.jpg"
"440","Team Fortress 2","","Stealing Home","Start capping a capture point within a second of it becoming available.","0","https://steamcdn-a.akamaihd.net/steamcommunity/public/images/apps/440/4d0e917a5b47d76356ea54073c2d0c6d8ad3ca4c.jpg","https://steamcdn-a.akamaihd.net/steamcommunity/public/images/apps/440/7b88631dd679b5e41074024c00e310ddc28e4d19.jpg"
"440","Team Fortress 2","","Set the Table","Initiate 10 point captures that ultimately succeed.","0","https://steamcdn-a.akamaihd.net/steamcommunity/public/images/apps/440/36be8cf708bdd6b3cd9a102427e51098165ba224.jpg","https://steamcdn-a.akamaihd.net/steamcommunity/public/images/apps/440/2cdabc20afddf3b3a82205702e3e06e1d6d5ba68.jpg"
"440","Team Fortress 2","","Block the Plate","Block 50 point captures.","0","https://steamcdn-a.akamaihd.net/steamcommunity/public/images/apps/440/cc6238893493c7d2b94e1de7e1336ae0126aac2d.jpg","https://steamcdn-a.akamaihd.net/steamcommunity/public/images/apps/440/00dada32c0ddecdfd0ed8e951588c02b1b6c5c61.jpg"
"440","Team Fortress 2","","Belittled Beleaguer","Kill an opposing player that has your intelligence while holding theirs.","0","https://steamcdn-a.akamaihd.net/steamcommunity/public/images/apps/440/ecc689642537cc22cdc5bc7aafba58936656c85f.jpg","https://steamcdn-a.akamaihd.net/steamcommunity/public/images/apps/440/d70ea11c19702c4bf175dbd32e94b2c10cb536ff.jpg"
"440","Team Fortress 2","","No-Hitter","Steal and then capture the enemy intelligence without firing a shot.","0","https://steamcdn-a.akamaihd.net/steamcommunity/public/images/apps/440/837c70e372d86724b9cfee1c041b0e9d08639111.jpg","https://steamcdn-a.akamaihd.net/steamcommunity/public/images/apps/440/1eeb165bc23e84dc3c30a7bbe56ad1e7bf4abad1.jpg"
"440","Team Fortress 2","","Race for the Pennant","Run 25 kilometers.","0","https://steamcdn-a.akamaihd.net/steamcommunity/public/images/apps/440/924764eea604817d3c14de9640ae6422c7cdfb7a.jpg","https://steamcdn-a.akamaihd.net/steamcommunity/public/images/apps/440/c93545f2c266ad71e30fcd18051f607431d39714.jpg"
"440","Team Fortress 2","","Out of the Park","Bat an enemy 25 meters.","0","https://steamcdn-a.akamaihd.net/steamcommunity/public/images/apps/440/2b97e7e2aef12ce74a065258deebfd0e9564a691.jpg","https://steamcdn-a.akamaihd.net/steamcommunity/public/images/apps/440/6195a83fe120970d0246395a418accb9f5a7cbb8.jpg"
"440","Team Fortress 2","","Rode Hard, Put Away Wet","Jarate an enemy that you're dominating.","0","https://steamcdn-a.akamaihd.net/steamcommunity/public/images/apps/440/cd3641c86fd539480b71cbcf29b73c6f8014336d.jpg","https://steamcdn-a.akamaihd.net/steamcommunity/public/images/apps/440/35dbea158f4fc5ea27e2909f7dca53e36773ee30.jpg"
"440","Team Fortress 2","","Be Polite","Provide an enemy with a freezecam shot of you doffing your hat.","0","https://steamcdn-a.akamaihd.net/steamcommunity/public/images/apps/440/bffe91cacec4fd1676a3862a1b8f1b03fc751028.jpg","https://steamcdn-a.akamaihd.net/steamcommunity/public/images/apps/440/db69ceb1454b87a5601fb533446d537bf3683d78.jpg"
"440","Team Fortress 2","","Be Efficient","Get 3 kills with the Sniper Rifle without missing a shot.","0","https://steamcdn-a.akamaihd.net/steamcommunity/public/images/apps/440/7a961791c66160bc0ede7f2854ad25fa9f37ba74.jpg","https://steamcdn-a.akamaihd.net/steamcommunity/public/images/apps/440/1d8a49fadb2e336a9eac511c329b68e7c27f6d52.jpg"
"440","Team Fortress 2","","Have a Plan","Capture the flag in CTF.","0","https://steamcdn-a.akamaihd.net/steamcommunity/public/images/apps/440/77553a934d4f8e3d0e7bb4b2311b8edc183d3bc7.jpg","https://steamcdn-a.akamaihd.net/steamcommunity/public/images/apps/440/6448065d60f0be17e5adc7105db6abfd1484144a.jpg"
"440","Team Fortress 2","","Kill Everyone You Meet","Kill 1000 enemies.","0","https://steamcdn-a.akamaihd.net/steamcommunity/public/images/apps/440/6ebdcd2ef084976a70b76f74f82cb9c426d84030.jpg","https://steamcdn-a.akamaihd.net/steamcommunity/public/images/apps/440/cb39aaecb4c607c9027bfeacfe098f8295f98915.jpg"
"440","Team Fortress 2","","Triple Prey","In a single round, get a kill with 3 different weapons.","0","https://steamcdn-a.akamaihd.net/steamcommunity/public/images/apps/440/1fbc77c0fab7aea9ccf897ad6bfb2f21b94d2059.jpg","https://steamcdn-a.akamaihd.net/steamcommunity/public/images/apps/440/9d38f32c1ecf8ff90f2eca095f8bb1d152f20937.jpg"
"440","Team Fortress 2","","Self-destruct Sequence","Headshot 10 enemy Snipers.","0","https://steamcdn-a.akamaihd.net/steamcommunity/public/images/apps/440/a30655059628d35fbb7fc65278333cfabe3c0865.jpg","https://steamcdn-a.akamaihd.net/steamcommunity/public/images/apps/440/c1b7dd76132857fa069345bd181d754297db9b58.jpg"
"440","Team Fortress 2","","De-sentry-lized","Destroy 3 Engineer sentry guns.","0","https://steamcdn-a.akamaihd.net/steamcommunity/public/images/apps/440/e4fea1540ef10d5d4d22f96174ef6b40feaa2506.jpg","https://steamcdn-a.akamaihd.net/steamcommunity/public/images/apps/440/02f3042d0d29116050bc630e51583704d68b6d84.jpg"
"440","Team Fortress 2","","Shoot the Breeze","Kill a fully invisible Spy in a single hit.","0","https://steamcdn-a.akamaihd.net/steamcommunity/public/images/apps/440/6fba92c59237b76b5558ddde0475b571cf31df17.jpg","https://steamcdn-a.akamaihd.net/steamcommunity/public/images/apps/440/e9c9ca8cdb7449590f16f8d110c2cc72c96fdc30.jpg"
"440","Team Fortress 2","","Dropped Dead","Kill a Scout in midair with your Sniper Rifle or the Huntsman.","0","https://steamcdn-a.akamaihd.net/steamcommunity/public/images/apps/440/1023855c3f0a8c4ff5caf09361f9c7b944046768.jpg","https://steamcdn-a.akamaihd.net/steamcommunity/public/images/apps/440/7be50a6e7c96737b1a719153f73cd018858a49af.jpg"
"440","Team Fortress 2","","The Last Wave","Provide an enemy with a freezecam shot of you waving to them.","0","https://steamcdn-a.akamaihd.net/steamcommunity/public/images/apps/440/f3ba4c33dc562243ce8e096aec885fcc4970ed33.jpg","https://steamcdn-a.akamaihd.net/steamcommunity/public/images/apps/440/3f03bd55e347e74957924d06b8ec152a65bd9ecf.jpg"
"440","Team Fortress 2","","Australian Rules","Dominate an enemy Sniper.","0","https://steamcdn-a.akamaihd.net/steamcommunity/public/images/apps/440/7415f1243460a47915e31602868cc695acbf918a.jpg","https://steamcdn-a.akamaihd.net/steamcommunity/public/images/apps/440/a32d9810f95dbf1bb455f7a7a514ee8efadb34dd.jpg"
"440","Team Fortress 2","","Kook the Spook","Kill 10 Spies with your Kukri.","0","https://steamcdn-a.akamaihd.net/steamcommunity/public/images/apps/440/80d2b4004d9f9e756c047fa616afe8acec713ef0.jpg","https://steamcdn-a.akamaihd.net/steamcommunity/public/images/apps/440/a0f62037e8e803d22a0f2eeaf35ddc5d3c03bfea.jpg"
"440","Team Fortress 2","","Socket to Him","Headshot an enemy Demoman.","0","https://steamcdn-a.akamaihd.net/steamcommunity/public/images/apps/440/e120e921417f883537298d4e2eeaf2f70966ce3c.jpg","https://steamcdn-a.akamaihd.net/steamcommunity/public/images/apps/440/7b164c64b67d20dfdb4b5d5046956dbdc31c6a3e.jpg"
"440","Team Fortress 2","","Jumper Stumper","Kill a rocket or grenade-jumping enemy in midair with your Sniper Rifle or the Huntsman.","0","https://steamcdn-a.akamaihd.net/steamcommunity/public/images/apps/440/26f27b2cb356f5a20739494f863de9613abffe5d.jpg","https://steamcdn-a.akamaihd.net/steamcommunity/public/images/apps/440/945822b6a900b095d0bfd82c211f738d379e3357.jpg"
"440","Team Fortress 2","","Not a Crazed Gunman, Dad","In a single life, kill 3 enemies while they are achieving an objective.","0","https://steamcdn-a.akamaihd.net/steamcommunity/public/images/apps/440/2e518cbfac2db54f8db2b6e65d55553a3217db02.jpg","https://steamcdn-a.akamaihd.net/steamcommunity/public/images/apps/440/d252cb2d1483c2ff2351881e152efa93bdcf17e9.jpg"
"440","Team Fortress 2","","Trust Your Feelings","Get 5 kills with the Sniper Rifle without your scope.","0","https://steamcdn-a.akamaihd.net/steamcommunity/public/images/apps/440/a0de5c24b459097975c39d4890acd562de2e7ee7.jpg","https://steamcdn-a.akamaihd.net/steamcommunity/public/images/apps/440/2b498b9c45c4d9f60fc9772429c400332d905617.jpg"
"440","Team Fortress 2","","Überectomy","Kill a Medic that is ready to deploy an ÜberCharge.","0","https://steamcdn-a.akamaihd.net/steamcommunity/public/images/apps/440/5525d01aecbb480f6abf570d707fd27c22cd1207.jpg","https://steamcdn-a.akamaihd.net/steamcommunity/public/images/apps/440/dccf0521c85daf0c555b9a1b8e6dfadb18c4c4c3.jpg"
"440","Team Fortress 2","","Consolation Prize","Get backstabbed 50 times.","0","https://steamcdn-a.akamaihd.net/steamcommunity/public/images/apps/440/55d73970a4c77a35cde35b3e1f70e30be0fa3bb1.jpg","https://steamcdn-a.akamaihd.net/steamcommunity/public/images/apps/440/cd26eef20ef38617e7cc4639275735c7c295cb69.jpg"
"440","Team Fortress 2","","Enemy at the Gate","Kill an opponent within the first second of a round.","0","https://steamcdn-a.akamaihd.net/steamcommunity/public/images/apps/440/cf99274708930edba27a9c21215775c0d7220259.jpg","https://steamcdn-a.akamaihd.net/steamcommunity/public/images/apps/440/4c9c2837648df928a14dc150098830c7323ea760.jpg"
"440","Team Fortress 2","","Parting Shot","Headshot an enemy player the moment his invulnerability wears off.","0","https://steamcdn-a.akamaihd.net/steamcommunity/public/images/apps/440/6a5ffd4c3d6af7e003ba5156d235db3d544ea167.jpg","https://steamcdn-a.akamaihd.net/steamcommunity/public/images/apps/440/5461397419a4d81a91bfa962ce3f8aed8844e285.jpg"
"440","Team Fortress 2","","My Brilliant Career","Top the scoreboard 10 times on teams of 6 or more players.","0","https://steamcdn-a.akamaihd.net/steamcommunity/public/images/apps/440/4bb3af3452f875feec6b02c5dd21557a3396081b.jpg","https://steamcdn-a.akamaihd.net/steamcommunity/public/images/apps/440/06cd459cde9ee2680c8bef37c79e3dea4dfc4eaa.jpg"
"440","Team Fortress 2","","Shock Treatment","Kill a spy whose backstab attempt was blocked by your Razorback.","0","https://steamcdn-a.akamaihd.net/steamcommunity/public/images/apps/440/6be43b741b91fa056536590bb822c9385e871bf7.jpg","https://steamcdn-a.akamaihd.net/steamcommunity/public/images/apps/440/4286a24b0079a1fb8e7d5eb98beafbf279e46056.jpg"
"440","Team Fortress 2","","Saturation Bombing","Jarate 4 enemy players with a single throw.","0","https://steamcdn-a.akamaihd.net/steamcommunity/public/images/apps/440/22c68858873c792a0f15f0857f9b365c7f5e76ee.jpg","https://steamcdn-a.akamaihd.net/steamcommunity/public/images/apps/440/595ddd70a81f537ef82cd4ada176f1359cf00c2b.jpg"
"440","Team Fortress 2","","Rain on Their Parade","Jarate an enemy and the Medic healing him.","0","https://steamcdn-a.akamaihd.net/steamcommunity/public/images/apps/440/087aff86c34774476f90bbcc5fea28597dff5e66.jpg","https://steamcdn-a.akamaihd.net/steamcommunity/public/images/apps/440/41cdddf256e699add7bbae775fe77e459cc9ecd6.jpg"
"440","Team Fortress 2","","Jarring Transition","Use Jarate to reveal a cloaked Spy.","0","https://steamcdn-a.akamaihd.net/steamcommunity/public/images/apps/440/144689551762ecc0185e9b3da87898aa3538176d.jpg","https://steamcdn-a.akamaihd.net/steamcommunity/public/images/apps/440/ce328168d8a1e2208b2f8e41e52750861c8501d9.jpg"
"440","Team Fortress 2","","Friendship is Golden","Extinguish a burning teammate with your Jarate.","0","https://steamcdn-a.akamaihd.net/steamcommunity/public/images/apps/440/cef04b6c267f40e65c5b54f66fdd9212923983b4.jpg","https://steamcdn-a.akamaihd.net/steamcommunity/public/images/apps/440/0da5df8417fb2b12eb7379c87fd4bfd462565162.jpg"
"440","Team Fortress 2","","William Tell Overkill","Pin an enemy Heavy to the wall via his head.","0","https://steamcdn-a.akamaihd.net/steamcommunity/public/images/apps/440/3a9a14a3555dbe5491f6cdfcb6b75a3a9a6a2fa1.jpg","https://steamcdn-a.akamaihd.net/steamcommunity/public/images/apps/440/6f33723654ee488cfe61817b77d470ab1403da35.jpg"
"440","Team Fortress 2","","Beaux and Arrows","Kill a Heavy & Medic pair with the bow.","0","https://steamcdn-a.akamaihd.net/steamcommunity/public/images/apps/440/d2c0fd95bf5b762f61c4055733b3e4c2e3b92cdf.jpg","https://steamcdn-a.akamaihd.net/steamcommunity/public/images/apps/440/8b18f10c28650b8d1494de00a07a49afbe46e645.jpg"
"440","Team Fortress 2","","Robbin' Hood","Take down an intelligence carrier with a single arrow.","0","https://steamcdn-a.akamaihd.net/steamcommunity/public/images/apps/440/da1efa8041c86add9915acab9e0cb9e1b1d65595.jpg","https://steamcdn-a.akamaihd.net/steamcommunity/public/images/apps/440/149c3c54e21101d311b85062ec5acee59aee589a.jpg"
"440","Team Fortress 2","","Pincushion","Hit an enemy with 3 arrows, without killing them.","0","https://steamcdn-a.akamaihd.net/steamcommunity/public/images/apps/440/c9850ef40b3b41ae6447cd67bb40438d9565c3f1.jpg","https://steamcdn-a.akamaihd.net/steamcommunity/public/images/apps/440/6dce0b2156ebd8a4aa4ff6efc539d68065218752.jpg"
"440","Team Fortress 2","","Number One Assistant","Score 5 assists with the Jarate in a single round.","0","https://steamcdn-a.akamaihd.net/steamcommunity/public/images/apps/440/bca47ecbfadcd1fa3fcce89757750d3841c4d266.jpg","https://steamcdn-a.akamaihd.net/steamcommunity/public/images/apps/440/23d17699c35a31563ce1be6f0ad821e0f8c7eb21.jpg"
"440","Team Fortress 2","","Jarate Chop","Jarate and then kill 3 enemies with your Kukri.","0","https://steamcdn-a.akamaihd.net/steamcommunity/public/images/apps/440/2915cea3d644ac26c3ddc1852d50d1471c00926f.jpg","https://steamcdn-a.akamaihd.net/steamcommunity/public/images/apps/440/ea51bedc20250150f866fbef06b3df220ac90dac.jpg"
"440","Team Fortress 2","","Shafted","Stab an enemy with an arrow.","0","https://steamcdn-a.akamaihd.net/steamcommunity/public/images/apps/440/daac6b28d68bca9276b543c011d9d16d7746fb9b.jpg","https://steamcdn-a.akamaihd.net/steamcommunity/public/images/apps/440/422b5700e779ba6b8e748a499a1ad69617345e45.jpg"
"440","Team Fortress 2","","Dead Reckoning","Kill an enemy with an arrow while you're dead.","0","https://steamcdn-a.akamaihd.net/steamcommunity/public/images/apps/440/94dc8d70f3d7ee37dfe8d9462f49f3b21f6449f7.jpg","https://steamcdn-a.akamaihd.net/steamcommunity/public/images/apps/440/93c4680560e79c724e330465709201ece6de74ce.jpg"
"440","Team Fortress 2","","Triplecrossed","Backstab 3 Snipers in a single life.","0","https://steamcdn-a.akamaihd.net/steamcommunity/public/images/apps/440/9698a6d32cc5deb6f8b92c272c61957f52e40fed.jpg","https://steamcdn-a.akamaihd.net/steamcommunity/public/images/apps/440/58321326ca99feb93923104622c8315d80286fa6.jpg"
"440","Team Fortress 2","","For Your Eyes Only","Provide an enemy with a freezecam shot of you flicking a cigarette onto their corpse.","0","https://steamcdn-a.akamaihd.net/steamcommunity/public/images/apps/440/4b105e339faa45841938fa25d65c5e01c9f9aae1.jpg","https://steamcdn-a.akamaihd.net/steamcommunity/public/images/apps/440/9f6391b4f2ee3fc65fb02f63ab4a6d4f9930ca41.jpg"
"440","Team Fortress 2","","Counter Espionage","Backstab a disguised Spy.","0","https://steamcdn-a.akamaihd.net/steamcommunity/public/images/apps/440/53bc2e7ccef60a43044cea2aa0505cdd0b658ac6.jpg","https://steamcdn-a.akamaihd.net/steamcommunity/public/images/apps/440/8e5d2e7506435723314046bffc20f995a006aeb4.jpg"
"440","Team Fortress 2","","Identity Theft","Backstab the enemy that you're currently disguised as.","0","https://steamcdn-a.akamaihd.net/steamcommunity/public/images/apps/440/a66493f7bfd8b0e3985160a633a40f87077fe621.jpg","https://steamcdn-a.akamaihd.net/steamcommunity/public/images/apps/440/8b1e7d4f7bc1f4caa42e4a3ce050d81114a6fbcc.jpg"
"440","Team Fortress 2","","The Man from P.U.N.C.T.U.R.E.","Stab an enemy while fencing.","0","https://steamcdn-a.akamaihd.net/steamcommunity/public/images/apps/440/edcc5222ced3c693c04931baca22f2001bb220a4.jpg","https://steamcdn-a.akamaihd.net/steamcommunity/public/images/apps/440/4ed35cfccfb4f5b396f635020cccd408e0f09cec.jpg"
"440","Team Fortress 2","","FYI I am a Spy","Backstab a Medic who has healed you in the last 5 seconds.","0","https://steamcdn-a.akamaihd.net/steamcommunity/public/images/apps/440/ef31a30bf084b3fd0a752a9082b7a58023ebe567.jpg","https://steamcdn-a.akamaihd.net/steamcommunity/public/images/apps/440/f4fba389318e8be6ad05d9db524c4b5a85aa595d.jpg"
"440","Team Fortress 2","","The Man with the Broken Guns","Backstab an Engineer, then sap 3 of his buildings within 10 seconds.","0","https://steamcdn-a.akamaihd.net/steamcommunity/public/images/apps/440/e88620bfa437ca6853d1d746b82c671dea9cb5fe.jpg","https://steamcdn-a.akamaihd.net/steamcommunity/public/images/apps/440/34736414a3394a92e1e242b608e14cb7b43c2a08.jpg"
"440","Team Fortress 2","","Sapsucker","Sap an enemy building, then backstab the Engineer who built it within 5 seconds.","0","https://steamcdn-a.akamaihd.net/steamcommunity/public/images/apps/440/364a1d45b0189ae91504d290690240fe7b136b1b.jpg","https://steamcdn-a.akamaihd.net/steamcommunity/public/images/apps/440/a9a209bb97b14d1244f12ce66f1249c5c9ac24e8.jpg"
"440","Team Fortress 2","","May I Cut In?","Backstab an enemy and the Medic healing him within 10 seconds of each other.","0","https://steamcdn-a.akamaihd.net/steamcommunity/public/images/apps/440/6eda9244fc75ad202904150d7b0a4112b807751b.jpg","https://steamcdn-a.akamaihd.net/steamcommunity/public/images/apps/440/50b0b7d952355371ab16f6a2a881d2658e8a8f31.jpg"
"440","Team Fortress 2","","Agent Provocateur","Backstab your Steam Community friends 10 times.","0","https://steamcdn-a.akamaihd.net/steamcommunity/public/images/apps/440/fc4b66d3bacee79dc04fff92fb9255667c1b3705.jpg","https://steamcdn-a.akamaihd.net/steamcommunity/public/images/apps/440/e2ce341ed71c042b00e9ffd44fd6cfab25b5e80a.jpg"
"440","Team Fortress 2","","The Melbourne Supremacy","Dominate a Sniper.","0","https://steamcdn-a.akamaihd.net/steamcommunity/public/images/apps/440/674b2858833f38c3d6b4b10d2e781446c34b3cea.jpg","https://steamcdn-a.akamaihd.net/steamcommunity/public/images/apps/440/5e988dacc553a3ec3224a5ace6e770558b436d1b.jpg"
"440","Team Fortress 2","","Spies Like Us","While cloaked, bump into an enemy cloaked Spy.","0","https://steamcdn-a.akamaihd.net/steamcommunity/public/images/apps/440/3083440f79ed4115cc13f3289d82eee63f3be645.jpg","https://steamcdn-a.akamaihd.net/steamcommunity/public/images/apps/440/034e9b3305abccb1b69af2e0b577f32931171bec.jpg"
"440","Team Fortress 2","","A Cut Above","Kill a gun-wielding Spy with your knife.","0","https://steamcdn-a.akamaihd.net/steamcommunity/public/images/apps/440/5cd2d60f0a8e390d3fd4d2daee5464706a969358.jpg","https://steamcdn-a.akamaihd.net/steamcommunity/public/images/apps/440/1658425c1a3221b4efdc17dbd8f8b25ba5eac726.jpg"
"440","Team Fortress 2","","Burn Notice","Survive 30 seconds after being ignited while cloaked.","0","https://steamcdn-a.akamaihd.net/steamcommunity/public/images/apps/440/5b4f161e00b77a411259b34cc687c849cb759d16.jpg","https://steamcdn-a.akamaihd.net/steamcommunity/public/images/apps/440/6f04a9327032259accf0e058daa343bf4d13b5d5.jpg"
"440","Team Fortress 2","","Die Another Way","Kill a Sniper after your backstab breaks his Razorback.","0","https://steamcdn-a.akamaihd.net/steamcommunity/public/images/apps/440/0f2837152309eba985e88d7b717788081d4d04ec.jpg","https://steamcdn-a.akamaihd.net/steamcommunity/public/images/apps/440/5eb946c02f2e981573410c972afa6f70843ff2d0.jpg"
"440","Team Fortress 2","","Constructus Interruptus","Kill an Engineer who is working on a sentry gun.","0","https://steamcdn-a.akamaihd.net/steamcommunity/public/images/apps/440/99d09c299941fcc646cff4a64225ba784f2aed4a.jpg","https://steamcdn-a.akamaihd.net/steamcommunity/public/images/apps/440/b1679514c39e006dc23d2f0b4e8e99a187f45b23.jpg"
"440","Team Fortress 2","","On Her Majesty's Secret Surface","Start capping a capture point within a second of it becoming available.","0","https://steamcdn-a.akamaihd.net/steamcommunity/public/images/apps/440/8b1b05f0fd2238beaa5f2c257106da555005d3c0.jpg","https://steamcdn-a.akamaihd.net/steamcommunity/public/images/apps/440/b3e3dddbadd5c06537a30efac9d5038a9c6d4899.jpg"
"440","Team Fortress 2","","Insurance Fraud","Kill an enemy while you're being healed by an enemy Medic.","0","https://steamcdn-a.akamaihd.net/steamcommunity/public/images/apps/440/526deb4c072a15b7a38a0764939c14ccb78b1206.jpg","https://steamcdn-a.akamaihd.net/steamcommunity/public/images/apps/440/c700164e7bd86c21511271435f498ddd7f3508db.jpg"
"440","Team Fortress 2","","Point Breaker","Kill 15 enemies who are standing on a control point they own.","0","https://steamcdn-a.akamaihd.net/steamcommunity/public/images/apps/440/ac70d95c1f09a417848d77f5dcf4536150889275.jpg","https://steamcdn-a.akamaihd.net/steamcommunity/public/images/apps/440/afb39a9aa1c682c0d920da9db3028c91551d7e7b.jpg"
"440","Team Fortress 2","","High Value Target","Backstab an enemy who is dominating 3 or more of your teammates.","0","https://steamcdn-a.akamaihd.net/steamcommunity/public/images/apps/440/c354574d861b44962d375e3109e05271cec3f97a.jpg","https://steamcdn-a.akamaihd.net/steamcommunity/public/images/apps/440/699f4f245df64217cf52aac9665d94551f92779c.jpg"
"440","Team Fortress 2","","Come in from the Cold","Get a Revenge kill with a backstab.","0","https://steamcdn-a.akamaihd.net/steamcommunity/public/images/apps/440/50841104aec7fea780ac6aca4def38606db1acae.jpg","https://steamcdn-a.akamaihd.net/steamcommunity/public/images/apps/440/954fd99a184f083df200f1d32796ee4f0599b0b4.jpg"
"440","Team Fortress 2","","Wetwork","Stab an enemy to death while under the influence of Jarate.","0","https://steamcdn-a.akamaihd.net/steamcommunity/public/images/apps/440/1970480af62f981483a141a2d364f15dcb440367.jpg","https://steamcdn-a.akamaihd.net/steamcommunity/public/images/apps/440/d29db94cf35692259316afe7be89113335c09194.jpg"
"440","Team Fortress 2","","You Only Shiv Thrice","Backstab 3 enemies within 10 seconds.","0","https://steamcdn-a.akamaihd.net/steamcommunity/public/images/apps/440/108f5d9c3afe5ed82c68600ea7353eccf0eb8ebb.jpg","https://steamcdn-a.akamaihd.net/steamcommunity/public/images/apps/440/fbcb7b80e90bffb8f549bb6b3288c32697ddea0c.jpg"
"440","Team Fortress 2","","Spymaster","Backstab 1000 enemies.","0","https://steamcdn-a.akamaihd.net/steamcommunity/public/images/apps/440/782c12498675c812600ef8ff15357f8545b6e643.jpg","https://steamcdn-a.akamaihd.net/steamcommunity/public/images/apps/440/d9f6caa0cbdf04d4bb6986d1ea4955628e48f944.jpg"
"440","Team Fortress 2","","Sap Auteur","Destroy 1000 Engineer buildings with sappers.","0","https://steamcdn-a.akamaihd.net/steamcommunity/public/images/apps/440/67381ccb00f8facbfda96c1d07fc34069be3fd0e.jpg","https://steamcdn-a.akamaihd.net/steamcommunity/public/images/apps/440/b743baad26760f8bf4489ff6db233432889725ad.jpg"
"440","Team Fortress 2","","Joint Operation","Sap an enemy sentry gun within 3 seconds of a teammate sapping another.","0","https://steamcdn-a.akamaihd.net/steamcommunity/public/images/apps/440/55834f9dff17c2ecee57419ba8cb8d21b8299a71.jpg","https://steamcdn-a.akamaihd.net/steamcommunity/public/images/apps/440/1d18ab18da476e864677065144a441294ef755e1.jpg"
"440","Team Fortress 2","","Dr. Nooooo","Backstab a Medic that is ready to deploy an ÜberCharge.","0","https://steamcdn-a.akamaihd.net/steamcommunity/public/images/apps/440/1ddeafa20b8832a69ef5161adc46425726600d5d.jpg","https://steamcdn-a.akamaihd.net/steamcommunity/public/images/apps/440/39fd8b447aab761eb85cd42020add5c0de4a59cc.jpg"
"440","Team Fortress 2","","Is It Safe?","Backstab 50 enemies who are capturing control points.","0","https://steamcdn-a.akamaihd.net/steamcommunity/public/images/apps/440/571b4fcce1509b89bba3ef4b066d9a49c440d854.jpg","https://steamcdn-a.akamaihd.net/steamcommunity/public/images/apps/440/63c3d8fc77d2f3baaf99dff42d67e44915c347ad.jpg"
"440","Team Fortress 2","","Slash and Burn","Backstab an enemy, who then switches to Pyro before they respawn.","0","https://steamcdn-a.akamaihd.net/steamcommunity/public/images/apps/440/d49d61a23e228b46ded9f8a9c51633f2336fd523.jpg","https://steamcdn-a.akamaihd.net/steamcommunity/public/images/apps/440/1ede3bd30851691e45eb4b74f48046be077a8283.jpg"
"440","Team Fortress 2","","Diplomacy","Kill 50 enemies with the Ambassador.","0","https://steamcdn-a.akamaihd.net/steamcommunity/public/images/apps/440/3771f717d3f44d15139b0e089b3be3679de3f00f.jpg","https://steamcdn-a.akamaihd.net/steamcommunity/public/images/apps/440/2a4bed59e8824585d44c14f7ce4139d7b4eaac31.jpg"
"440","Team Fortress 2","","Skullpluggery","While using the Ambassador, kill 20 Snipers with a headshot.","0","https://steamcdn-a.akamaihd.net/steamcommunity/public/images/apps/440/dc22b00da2d4e9e6a0f151d47d4bf96abca444b2.jpg","https://steamcdn-a.akamaihd.net/steamcommunity/public/images/apps/440/17a27fe45fd37d890ed32b8d600393a43446870e.jpg"
"440","Team Fortress 2","","Sleeper Agent","Kill an enemy who triggered your feign death in the last 20 seconds.","0","https://steamcdn-a.akamaihd.net/steamcommunity/public/images/apps/440/9a6194bc8adc0696e89b74bb9b848b817586ee58.jpg","https://steamcdn-a.akamaihd.net/steamcommunity/public/images/apps/440/9b309256e37710553532324e4e6a90091f4f3bb9.jpg"
"440","Team Fortress 2","","Who's Your Daddy?","Headshot 3 Scouts with the Ambassador.","0","https://steamcdn-a.akamaihd.net/steamcommunity/public/images/apps/440/177f6144181167555533a58f9b7658489ae99d48.jpg","https://steamcdn-a.akamaihd.net/steamcommunity/public/images/apps/440/23b85fdfb3aa4054545d674495755265c5ef5512.jpg"
"440","Team Fortress 2","","Deep Undercover","While using the Cloak and Dagger, kill the same enemy 3 times, all within the same area in a single life.","0","https://steamcdn-a.akamaihd.net/steamcommunity/public/images/apps/440/43b79da0561535d26aa4b83e689c7c5046653004.jpg","https://steamcdn-a.akamaihd.net/steamcommunity/public/images/apps/440/8a8aabb6d532be1f98c9fbfccd4f206125f65a1f.jpg"
"440","Team Fortress 2","","Sniper Milestone 1","Achieve 5 of the achievements in the Sniper pack.","0","https://steamcdn-a.akamaihd.net/steamcommunity/public/images/apps/440/17627b40ab8c01695f99cbe1a48fa9a88480c0c5.jpg","https://steamcdn-a.akamaihd.net/steamcommunity/public/images/apps/440/dd79ab78ad877534a53c2a1fd3a7cbdf2c4a6347.jpg"
"440","Team Fortress 2","","Sniper Milestone 2","Achieve 11 of the achievements in the Sniper pack.","0","https://steamcdn-a.akamaihd.net/steamcommunity/public/images/apps/440/1c39019047b49a03cb518e7208d713d9331c8b42.jpg","https://steamcdn-a.akamaihd.net/steamcommunity/public/images/apps/440/339adad051074993ab2f42a1cf7eeb23d80d57c3.jpg"
"440","Team Fortress 2","","Sniper Milestone 3","Achieve 17 of the achievements in the Sniper pack.","0","https://steamcdn-a.akamaihd.net/steamcommunity/public/images/apps/440/428963ffc2076c14f95d9ed435e4615a7d694067.jpg","https://steamcdn-a.akamaihd.net/steamcommunity/public/images/apps/440/8768533edd0bbb2e6d7318f7ea5d30b531c86094.jpg"
"440","Team Fortress 2","","Spy Milestone 1","Achieve 5 of the achievements in the Spy pack.","0","https://steamcdn-a.akamaihd.net/steamcommunity/public/images/apps/440/d37c81f58e57028c05e205742c57039b04026559.jpg","https://steamcdn-a.akamaihd.net/steamcommunity/public/images/apps/440/3611c5090d5f7b0a3195019288660c88f0d7bb42.jpg"
"440","Team Fortress 2","","Spy Milestone 2","Achieve 11 of the achievements in the Spy pack.","0","https://steamcdn-a.akamaihd.net/steamcommunity/public/images/apps/440/3491532d51fe9951ac45ed58ac4bfe88f812fd1d.jpg","https://steamcdn-a.akamaihd.net/steamcommunity/public/images/apps/440/eccef2e4337ae705848c4728ea546501bd0cf17b.jpg"
"440","Team Fortress 2","","Spy Milestone 3","Achieve 17 of the achievements in the Spy pack.","0","https://steamcdn-a.akamaihd.net/steamcommunity/public/images/apps/440/428963ffc2076c14f95d9ed435e4615a7d694067.jpg","https://steamcdn-a.akamaihd.net/steamcommunity/public/images/apps/440/8768533edd0bbb2e6d7318f7ea5d30b531c86094.jpg"
"440","Team Fortress 2","","Candy Coroner","Collect 20 Halloween pumpkins from dead players to unlock a hat.","0","https://steamcdn-a.akamaihd.net/steamcommunity/public/images/apps/440/7510bfeb19d8c00cf83c7ce600ff3e320eec13fe.jpg","https://steamcdn-a.akamaihd.net/steamcommunity/public/images/apps/440/e0a08c4a19a93f352f7b9f83ca28bc853c3dceb5.jpg"
"440","Team Fortress 2","","Ghastly Gibus Grab","Dominate a player wearing any achievement Gibus hat to earn your own Ghostly Gibus.","0","https://steamcdn-a.akamaihd.net/steamcommunity/public/images/apps/440/fa58243f01ca24a6b869e6f840ecf6a1f4052ae0.jpg","https://steamcdn-a.akamaihd.net/steamcommunity/public/images/apps/440/7d74930bffff0c213e7740ea927ad87e42e5a4b0.jpg"
"440","Team Fortress 2","","Scared Stiff","Kill a player scared by a ghost.","0","https://steamcdn-a.akamaihd.net/steamcommunity/public/images/apps/440/addebf7f0b18dd74a1625d173f73d49cba8d31a3.jpg","https://steamcdn-a.akamaihd.net/steamcommunity/public/images/apps/440/33a3da576e0f1e08ca72fa07a21f4af32a56fe99.jpg"
"440","Team Fortress 2","","Attack o' Lantern","Cause the deaths of 5 players by exploding nearby pumpkin bombs.","0","https://steamcdn-a.akamaihd.net/steamcommunity/public/images/apps/440/b015bed14e781872ee70c99aa59921c72136736f.jpg","https://steamcdn-a.akamaihd.net/steamcommunity/public/images/apps/440/fd22e17cbc3e30e5d20b6ad1a37a804b9c3047fc.jpg"
"440","Team Fortress 2","","Costume Contest","Kill a Spy disguised as your current class.","0","https://steamcdn-a.akamaihd.net/steamcommunity/public/images/apps/440/13f5e61096dceb8bd7bc83fcce0cb6e0cacf231c.jpg","https://steamcdn-a.akamaihd.net/steamcommunity/public/images/apps/440/89d0ada548faa8bb391137a577f53f36a8218f13.jpg"
"440","Team Fortress 2","","Soldier Milestone 1","Achieve 5 of the achievements in the Soldier pack.","0","https://steamcdn-a.akamaihd.net/steamcommunity/public/images/apps/440/cb2241925cf7bd93661f20e35708ddb77543d3aa.jpg","https://steamcdn-a.akamaihd.net/steamcommunity/public/images/apps/440/204a66b7641d55194bb87d0d5a06d1c9b5a4c2fa.jpg"
"440","Team Fortress 2","","Soldier Milestone 2","Achieve 11 of the achievements in the Soldier pack.","0","https://steamcdn-a.akamaihd.net/steamcommunity/public/images/apps/440/aab217264e718702d00d28d8f340cfdb4c758ed7.jpg","https://steamcdn-a.akamaihd.net/steamcommunity/public/images/apps/440/5b47d0b78a4ab4f866cbbbe2758e255bfe979676.jpg"
"440","Team Fortress 2","","Soldier Milestone 3","Achieve 17 of the achievements in the Soldier pack.","0","https://steamcdn-a.akamaihd.net/steamcommunity/public/images/apps/440/e4ce6c93dc3cccb699ffe03d3daf42ecc9b5922e.jpg","https://steamcdn-a.akamaihd.net/steamcommunity/public/images/apps/440/342a0dfd403972200ccb00ed6b0c4c35ca190c8f.jpg"
"440","Team Fortress 2","","Tri-Splatteral Damage","Kill 3 enemies with a single critical rocket.","0","https://steamcdn-a.akamaihd.net/steamcommunity/public/images/apps/440/ae7f53e6fd35524c78ab3da5e8a73c18a7f60c99.jpg","https://steamcdn-a.akamaihd.net/steamcommunity/public/images/apps/440/787d9acc9ea42304e05cd110af544470e42d28aa.jpg"
"440","Team Fortress 2","","Death from Above","Rocket jump and kill 2 enemies before you land.","0","https://steamcdn-a.akamaihd.net/steamcommunity/public/images/apps/440/2627a82f1938cedec3e54e6f8e735fdfb6eb201c.jpg","https://steamcdn-a.akamaihd.net/steamcommunity/public/images/apps/440/3e23bc751869b53336e7d17604d65480c1176d22.jpg"
"440","Team Fortress 2","","Dominator","Get 3 dominations in a single life.","0","https://steamcdn-a.akamaihd.net/steamcommunity/public/images/apps/440/048865879eb3f5a9a90c2e841e96ec51679c1b43.jpg","https://steamcdn-a.akamaihd.net/steamcommunity/public/images/apps/440/2e78aab3f49f51812bea351f137a2ba686d1210d.jpg"
"440","Team Fortress 2","","War Crime and Punishment","In a single life, kill 3 enemies who have damaged a Medic that is healing you.","0","https://steamcdn-a.akamaihd.net/steamcommunity/public/images/apps/440/aa584f63de8531242a8f9fff92d4b079b6c8c646.jpg","https://steamcdn-a.akamaihd.net/steamcommunity/public/images/apps/440/51468bf80f7c23a7dbcf9e5b98954097fec9ec31.jpg"
"440","Team Fortress 2","","Spray of Defeat","Use a grenade to gib a player.","0","https://steamcdn-a.akamaihd.net/steamcommunity/public/images/apps/440/451ed449a743e2465e3c6b9c0d956b71f07b69a5.jpg","https://steamcdn-a.akamaihd.net/steamcommunity/public/images/apps/440/e84afe890de47d8e5e3fb76260c6763b59611d02.jpg"
"440","Team Fortress 2","","Guns of the Navar0wned","Kill 5 Engineer sentries while you are standing outside of their range.","0","https://steamcdn-a.akamaihd.net/steamcommunity/public/images/apps/440/30d7c145e56c67cfd1020f97a2e59ee3ce33b590.jpg","https://steamcdn-a.akamaihd.net/steamcommunity/public/images/apps/440/e1c5aeed3324fa77c5e7bdac61d4a934baa3f670.jpg"
"440","Team Fortress 2","","Mutually Assured Destruction","Kill an enemy sniper with a rocket after he kills you.","0","https://steamcdn-a.akamaihd.net/steamcommunity/public/images/apps/440/4367678d922ac9c980fa3cdb405a41ac92f0a4e1.jpg","https://steamcdn-a.akamaihd.net/steamcommunity/public/images/apps/440/231974b99702af192a5f2011c3c9add376a16a51.jpg"
"440","Team Fortress 2","","Wings of Glory","Kill an enemy soldier while both you and the target are airborne.","0","https://steamcdn-a.akamaihd.net/steamcommunity/public/images/apps/440/57c946f68558a1e0a21e20e3fdb6be7f00c49692.jpg","https://steamcdn-a.akamaihd.net/steamcommunity/public/images/apps/440/aa3d7f36172be1c248b6fb5ee56c611bcfd872ab.jpg"
"440","Team Fortress 2","","Engineer to Eternity","Kill an Engineer as he repairs his sentry gun while it's under enemy fire.","0","https://steamcdn-a.akamaihd.net/steamcommunity/public/images/apps/440/437a7f57737ca4e1e6b379c2165929f1f4c0accd.jpg","https://steamcdn-a.akamaihd.net/steamcommunity/public/images/apps/440/c663b0fb1feaf726460dfd1eb3c976a8467ef2d3.jpg"
"440","Team Fortress 2","","Trench Warfare","Kill your nemesis with a shovel.","0","https://steamcdn-a.akamaihd.net/steamcommunity/public/images/apps/440/e1bca093d378e50e02aa2eab61d7cbead1dfc678.jpg","https://steamcdn-a.akamaihd.net/steamcommunity/public/images/apps/440/90406d4f9c1931ca0ac918acf1b4bfaa0c14cde7.jpg"
"440","Team Fortress 2","","Bomb Squaddie","Destroy 10 stickybombs with the shotgun in a single life.","0","https://steamcdn-a.akamaihd.net/steamcommunity/public/images/apps/440/0a52aeefee50e4e4a5944ad041a54237b9029198.jpg","https://steamcdn-a.akamaihd.net/steamcommunity/public/images/apps/440/56917116c66a43d32b3d172347b773bbe067e3c0.jpg"
"440","Team Fortress 2","","Where Eagles Dare","Get the highest possible rocket jump using jump and crouch.","0","https://steamcdn-a.akamaihd.net/steamcommunity/public/images/apps/440/86cf5fcbe18a94b841086efa57fa7b4ed21a9123.jpg","https://steamcdn-a.akamaihd.net/steamcommunity/public/images/apps/440/9f1da6531750a1b9c3b0b08a8077590788947a3c.jpg"
"440","Team Fortress 2","","Banner of Brothers","Buff 5 Steam friends at once with the Buff Banner.","0","https://steamcdn-a.akamaihd.net/steamcommunity/public/images/apps/440/29d016104d8d83cdbf4f3d5c1652348bf7e7bfc7.jpg","https://steamcdn-a.akamaihd.net/steamcommunity/public/images/apps/440/c0a00ab7de347d77f8372923ebfad6cf7d46e6e4.jpg"
"440","Team Fortress 2","","Screamin' Eagle","Kill 20 enemies from above.","0","https://steamcdn-a.akamaihd.net/steamcommunity/public/images/apps/440/6153d025a90b43fbdfeacb1c9f30f193efaac11e.jpg","https://steamcdn-a.akamaihd.net/steamcommunity/public/images/apps/440/40acb8c057813734166d6b81314fb292f19e583e.jpg"
"440","Team Fortress 2","","Crockets Are Such B.S.","Shoot two non-boosted crit rockets in a row.","0","https://steamcdn-a.akamaihd.net/steamcommunity/public/images/apps/440/70114bbc3bd8d5a1a0aae3f965d4bfad1ea095ba.jpg","https://steamcdn-a.akamaihd.net/steamcommunity/public/images/apps/440/5d32614df8a5909da0f9384c910ae6aa968cb4d3.jpg"
"440","Team Fortress 2","","Geneva Contravention","Kill 3 defenseless players after a single match has ended.","0","https://steamcdn-a.akamaihd.net/steamcommunity/public/images/apps/440/83684be3e995c66df0512f1d87016f57d665e6eb.jpg","https://steamcdn-a.akamaihd.net/steamcommunity/public/images/apps/440/b19d5913ba912ed0fdf2ee10bc541c478178edb1.jpg"
"440","Team Fortress 2","","Semper Fry","Kill 20 enemies while you are on fire.","0","https://steamcdn-a.akamaihd.net/steamcommunity/public/images/apps/440/6c35110dc30b74c8508baf1cca17c08dd52c865a.jpg","https://steamcdn-a.akamaihd.net/steamcommunity/public/images/apps/440/ec6d1660c783a111fa5189a53f0a79b1fbdb0206.jpg"
"440","Team Fortress 2","","The Longest Daze","Kill 5 stunned or slowed players.","0","https://steamcdn-a.akamaihd.net/steamcommunity/public/images/apps/440/9bdee11e42ba9f6a43f17b9d54ccfa73e576e294.jpg","https://steamcdn-a.akamaihd.net/steamcommunity/public/images/apps/440/4fdcb1f703c029753e799393d5e9306e88447d1a.jpg"
"440","Team Fortress 2","","Gore-a! Gore-a! Gore-a!","Provide the enemy with a freezecam of you taunting over 3 of their body parts.","0","https://steamcdn-a.akamaihd.net/steamcommunity/public/images/apps/440/6c24b7ff75e7af2ca1cca5db0bb346b878345905.jpg","https://steamcdn-a.akamaihd.net/steamcommunity/public/images/apps/440/ea83c08b2f20a713c3211932c77479e19d445e7d.jpg"
"440","Team Fortress 2","","War Crime Spybunal","Kill a Spy who just backstabbed a teammate.","0","https://steamcdn-a.akamaihd.net/steamcommunity/public/images/apps/440/a2222e33f3f0ec75f45c57ce52c0060a38451d48.jpg","https://steamcdn-a.akamaihd.net/steamcommunity/public/images/apps/440/c86b046c0f68b79553e87293c77a9bd5d9096695.jpg"
"440","Team Fortress 2","","Hamburger Hill","Defend a cap point 30 times.","0","https://steamcdn-a.akamaihd.net/steamcommunity/public/images/apps/440/8e238dd7e536702165cb8f7260334557990d8473.jpg","https://steamcdn-a.akamaihd.net/steamcommunity/public/images/apps/440/7f4cd49211ee762b545556e32c61d0bc73335292.jpg"
"440","Team Fortress 2","","Frags of our Fathers","Gib 1000 people.","0","https://steamcdn-a.akamaihd.net/steamcommunity/public/images/apps/440/88ed9ec9bac520de0749f4cfe243d415e2488bc8.jpg","https://steamcdn-a.akamaihd.net/steamcommunity/public/images/apps/440/24367d919acc6b5a6d21f0dde53235e63015a6c3.jpg"
"440","Team Fortress 2","","Duty Bound","While rocket jumping kill an enemy with the Equalizer before you land or just after landing.","0","https://steamcdn-a.akamaihd.net/steamcommunity/public/images/apps/440/7c7c578e896e4a947a868b848095c607f656251a.jpg","https://steamcdn-a.akamaihd.net/steamcommunity/public/images/apps/440/55d8815e53e56c2cc8c0ff1d7ae5be048d2f3cfa.jpg"
"440","Team Fortress 2","","The Boostie Boys","Buff 15 teammates with the Buff Banner in a single life.","0","https://steamcdn-a.akamaihd.net/steamcommunity/public/images/apps/440/5d4d589a03d8b664ebb271bd5a79e93277d6942c.jpg","https://steamcdn-a.akamaihd.net/steamcommunity/public/images/apps/440/45764ee839aa2ef8f66965a5cf5d3ff33b42d231.jpg"
"440","Team Fortress 2","","Out, Damned Scot!","Kill 500 enemy Demomen","0","https://steamcdn-a.akamaihd.net/steamcommunity/public/images/apps/440/0f95a59fd5f49fca6f2c8d760551b4367f0e962c.jpg","https://steamcdn-a.akamaihd.net/steamcommunity/public/images/apps/440/f4c3f7e13eb0aa8d82ea132b273b9d5e0d1741b6.jpg"
"440","Team Fortress 2","","Backdraft Dodger","Kill a Pyro who has airblasted one of your rockets in the last 10 seconds.","0","https://steamcdn-a.akamaihd.net/steamcommunity/public/images/apps/440/91388742b412ca8d14237586924ee2be60c19be5.jpg","https://steamcdn-a.akamaihd.net/steamcommunity/public/images/apps/440/b4ad937b5565a6d9f8ccfb75bbdf8260f9285e71.jpg"
"440","Team Fortress 2","","Ain't Got Time to Bleed","Kill 3 players with the Equalizer in a single life without being healed.","0","https://steamcdn-a.akamaihd.net/steamcommunity/public/images/apps/440/e34d247bfb5097d4e12f526624294fc2a20dd82e.jpg","https://steamcdn-a.akamaihd.net/steamcommunity/public/images/apps/440/778964920d54f0893404aeb547c6b14fbff1ed33.jpg"
"440","Team Fortress 2","","Near Death Experience","Kill 20 enemies with your Equalizer while you have less than 25 health.","0","https://steamcdn-a.akamaihd.net/steamcommunity/public/images/apps/440/0d19363e9cefc100e4e9fb1997b87565f7ce1a7f.jpg","https://steamcdn-a.akamaihd.net/steamcommunity/public/images/apps/440/c5cd5401ef274495de223e07b1750eea9f4ebd24.jpg"
"440","Team Fortress 2","","For Whom the Shell Trolls","Bounce an opponent into the air with a rocket and then kill them with the shotgun before they land.","0","https://steamcdn-a.akamaihd.net/steamcommunity/public/images/apps/440/65e9df402c806ad4d246de59c14c0853ebabcdc8.jpg","https://steamcdn-a.akamaihd.net/steamcommunity/public/images/apps/440/38424910085f6002c5ef9ab5dbea17ff6c655978.jpg"
"440","Team Fortress 2","","Death from Below","Kill 10 opponents who are airborne with the Direct Hit.","0","https://steamcdn-a.akamaihd.net/steamcommunity/public/images/apps/440/2305a823862a93caaac9375289c7bf53d00f9612.jpg","https://steamcdn-a.akamaihd.net/steamcommunity/public/images/apps/440/072b37de8d734970cceb0ab15126284b4a91c377.jpg"
"440","Team Fortress 2","","Worth a Thousand Words","Provide the enemy with a freezecam of your 21 gun salute.","0","https://steamcdn-a.akamaihd.net/steamcommunity/public/images/apps/440/b8a90ddab7d6f1f5240f7fb82bd963b3f6099890.jpg","https://steamcdn-a.akamaihd.net/steamcommunity/public/images/apps/440/49be7570b7e58a45e2400758e20fe9dca55cc8fe.jpg"
"440","Team Fortress 2","","Brothers in Harms","Kill 10 enemies while assisting or being assisted by another Soldier.","0","https://steamcdn-a.akamaihd.net/steamcommunity/public/images/apps/440/fe457c317c648e1c028ceae1aaf5aa994957daa9.jpg","https://steamcdn-a.akamaihd.net/steamcommunity/public/images/apps/440/44b1edda49d7c60e7de7e4c8f6f5381f3407a986.jpg"
"440","Team Fortress 2","","Medals of Honor","Finish a round as an MVP on a team of 6 or more players 10 times.","0","https://steamcdn-a.akamaihd.net/steamcommunity/public/images/apps/440/ed6280fe17d44ea3d9fa7751377acb241967c608.jpg","https://steamcdn-a.akamaihd.net/steamcommunity/public/images/apps/440/1a9e0cc17881d31bc5369012c24cf15b6268ea7e.jpg"
"440","Team Fortress 2","","Ride of the Valkartie","Ride the cart for 30 seconds.","0","https://steamcdn-a.akamaihd.net/steamcommunity/public/images/apps/440/f301cee1952a2cc4906f117e57efd6f6950e6a08.jpg","https://steamcdn-a.akamaihd.net/steamcommunity/public/images/apps/440/ed8eb5f37367daea93ef6ec9de6b5870c1b1f140.jpg"
"440","Team Fortress 2","","S*M*A*S*H","Assist a Medic in exploding 5 enemies with a single ÜberCharge.","0","https://steamcdn-a.akamaihd.net/steamcommunity/public/images/apps/440/afa2232347fb679c7a2c50d1d1c47762e6abcdea.jpg","https://steamcdn-a.akamaihd.net/steamcommunity/public/images/apps/440/bcb88c7f6fa435aa5faca9006168b102fe4a5d42.jpg"
"440","Team Fortress 2","","Kilt in Action","Kill 500 enemy Soldiers","0","https://steamcdn-a.akamaihd.net/steamcommunity/public/images/apps/440/ec158dabce1bb699aa139151f870048ec812e080.jpg","https://steamcdn-a.akamaihd.net/steamcommunity/public/images/apps/440/d97827ed01303f88adc6d64c004ee04061625f04.jpg"
"440","Team Fortress 2","","Tam O'Shatter","Destroy 5 enemy Engineer buildings during a single ÜberCharge from a Medic.","0","https://steamcdn-a.akamaihd.net/steamcommunity/public/images/apps/440/f038cbb9a810a437855bb62904bbca1625339121.jpg","https://steamcdn-a.akamaihd.net/steamcommunity/public/images/apps/440/c50ec034b57bfdde469f945ca431f95ab8965f9b.jpg"
"440","Team Fortress 2","","Shorn Connery","Decapitate a cloaked Spy.","0","https://steamcdn-a.akamaihd.net/steamcommunity/public/images/apps/440/16a879b15c9121e476156a8f52efbaa36af733be.jpg","https://steamcdn-a.akamaihd.net/steamcommunity/public/images/apps/440/0fabf394379fb91d444056cb94f5fae65624f6c3.jpg"
"440","Team Fortress 2","","Laddy Macdeth","Kill 50 enemies with direct hits from the Grenade Launcher.","0","https://steamcdn-a.akamaihd.net/steamcommunity/public/images/apps/440/b293cdc1967c017f3c356c58a6ff8dac92b72ffe.jpg","https://steamcdn-a.akamaihd.net/steamcommunity/public/images/apps/440/ce6de25c93d3a37de7ba4fbe3e98bb1636ba9095.jpg"
"440","Team Fortress 2","","Brainspotting","Decapitate 50 enemy players.","0","https://steamcdn-a.akamaihd.net/steamcommunity/public/images/apps/440/696b180d163062bf24b210953edadb556431b29b.jpg","https://steamcdn-a.akamaihd.net/steamcommunity/public/images/apps/440/504da86f77eab338366d9acbf865760f02aecece.jpg"
"440","Team Fortress 2","","Left 4 Heads","Decapitate 4 players with only 10 seconds between each kill.","0","https://steamcdn-a.akamaihd.net/steamcommunity/public/images/apps/440/7d35c098eba3cdbfeeeebc79c0b8129285727481.jpg","https://steamcdn-a.akamaihd.net/steamcommunity/public/images/apps/440/5b44d1c8fac555c02ef643a1b6a2b69480700a89.jpg"
"440","Team Fortress 2","","Well Plaid!","Kill 10 enemies while assisting or being assisted by another Demoman.","0","https://steamcdn-a.akamaihd.net/steamcommunity/public/images/apps/440/2ea8983f420de5460e3b6d0114c8ffd8123a3e2c.jpg","https://steamcdn-a.akamaihd.net/steamcommunity/public/images/apps/440/2d0d8d1cb270be604a8d4b37b70325337a3e31a4.jpg"
"440","Team Fortress 2","","Slammy Slayvis Woundya","Decapitate an enemy Soldier who is brandishing the Equalizer.","0","https://steamcdn-a.akamaihd.net/steamcommunity/public/images/apps/440/340f62ac04b6e1209c0d7a854920dd3be673e5e6.jpg","https://steamcdn-a.akamaihd.net/steamcommunity/public/images/apps/440/e87c12edfc2f063368d37c5b2b77e8b3e5c2219a.jpg"
"440","Team Fortress 2","","The Scottish Play","Get a melee kill while sticky jumping.","0","https://steamcdn-a.akamaihd.net/steamcommunity/public/images/apps/440/ea151f3c185e1ca17b157037a4b2c4d7cb5d43d8.jpg","https://steamcdn-a.akamaihd.net/steamcommunity/public/images/apps/440/3eb0341583a3822eef0e0893f6f21b24cae064cf.jpg"
"440","Team Fortress 2","","Blind Fire","Destroy an Engineer building that you can't see with a direct hit from your Grenade Launcher.","0","https://steamcdn-a.akamaihd.net/steamcommunity/public/images/apps/440/688c1e424f2af801ba005f23b12b366b4dc92813.jpg","https://steamcdn-a.akamaihd.net/steamcommunity/public/images/apps/440/47f1938053cd1f8c9d907fc2b8a7bbbb083e239f.jpg"
"440","Team Fortress 2","","Three Times a Laddy","Dominate 3 Engineers.","0","https://steamcdn-a.akamaihd.net/steamcommunity/public/images/apps/440/7908a13a8843b51395b0ddd5832283c7e5cc876c.jpg","https://steamcdn-a.akamaihd.net/steamcommunity/public/images/apps/440/108ac5f76eea8ef8b12a7679b9de4a7f1ef36661.jpg"
"440","Team Fortress 2","","Loch Ness Bombster","Kill an enemy player with stickybombs within 5 seconds of them teleporting.","0","https://steamcdn-a.akamaihd.net/steamcommunity/public/images/apps/440/62ca5007d50ef77dc837a4c4cef4a4e26c1aa67c.jpg","https://steamcdn-a.akamaihd.net/steamcommunity/public/images/apps/440/cc78bc3a3a63f9e22af616051504563db3c1ec15.jpg"
"440","Team Fortress 2","","Double Mauled Scotch","Kill 2 people in a single sticky jump.","0","https://steamcdn-a.akamaihd.net/steamcommunity/public/images/apps/440/d0dd1894e720a6469657d916b51d1d1809f50f4c.jpg","https://steamcdn-a.akamaihd.net/steamcommunity/public/images/apps/440/6cd117cb51f539e2bb41e00e2ba5c862466d5c0c.jpg"
"440","Team Fortress 2","","Caber Toss","Bounce an enemy into the air and kill them before they land.","0","https://steamcdn-a.akamaihd.net/steamcommunity/public/images/apps/440/92333bfecfe73865cc9725df29ea8a0753c9b71a.jpg","https://steamcdn-a.akamaihd.net/steamcommunity/public/images/apps/440/5a26af89a8d51b22f1d7665e5fc4163fc23f8904.jpg"
"440","Team Fortress 2","","There Can Be Only One","Decapitate your nemesis.","0","https://steamcdn-a.akamaihd.net/steamcommunity/public/images/apps/440/367e52fab850aca928f46bb88290cdc61d4466c7.jpg","https://steamcdn-a.akamaihd.net/steamcommunity/public/images/apps/440/151211b70b1efea5b1a1159b608b5da6862598fc.jpg"
"440","Team Fortress 2","","Tartan Spartan","Do 1 million points of total blast damage.","0","https://steamcdn-a.akamaihd.net/steamcommunity/public/images/apps/440/c83298ae43ada632170d021c925b405b3e0c50c9.jpg","https://steamcdn-a.akamaihd.net/steamcommunity/public/images/apps/440/c82e949befb8e6cb83c048108f2c9164a1bcec7b.jpg"
"440","Team Fortress 2","","Demoman Milestone 1","Achieve 5 of the achievements in the Demoman pack.","0","https://steamcdn-a.akamaihd.net/steamcommunity/public/images/apps/440/4e4fa02e569361d49cf20dc25a5d07b41399639e.jpg","https://steamcdn-a.akamaihd.net/steamcommunity/public/images/apps/440/b5bd880b6120319da75bcc593ce6a75c9b49d281.jpg"
"440","Team Fortress 2","","Demoman Milestone 2","Achieve 11 of the achievements in the Demoman pack.","0","https://steamcdn-a.akamaihd.net/steamcommunity/public/images/apps/440/d8ca3d2ef726a0cd06c9a23b24638635f95fc59d.jpg","https://steamcdn-a.akamaihd.net/steamcommunity/public/images/apps/440/aa25334e5e5f36ee7c924b7e9e19a81db76a5c76.jpg"
"440","Team Fortress 2","","Demoman Milestone 3","Achieve 17 of the achievements in the Demoman pack.","0","https://steamcdn-a.akamaihd.net/steamcommunity/public/images/apps/440/e4ce6c93dc3cccb699ffe03d3daf42ecc9b5922e.jpg","https://steamcdn-a.akamaihd.net/steamcommunity/public/images/apps/440/342a0dfd403972200ccb00ed6b0c4c35ca190c8f.jpg"
"440","Team Fortress 2","","The Argyle Sap","Blow up an Engineer, his sentry gun, and his dispenser with a single stickybomb detonation.","0","https://steamcdn-a.akamaihd.net/steamcommunity/public/images/apps/440/b057986361e03acf4fb3a8e68044838d6530bf85.jpg","https://steamcdn-a.akamaihd.net/steamcommunity/public/images/apps/440/9cece99e1e51f957f02069ce79a8ec25e94c8630.jpg"
"440","Team Fortress 2","","Scotch Guard","Kill 3 enemies capping or pushing a cart in a single stickybomb detonation 3 separate times.","0","https://steamcdn-a.akamaihd.net/steamcommunity/public/images/apps/440/9d5baac4858782fdb2d65bc7d352ed26f65c2dde.jpg","https://steamcdn-a.akamaihd.net/steamcommunity/public/images/apps/440/2b25e3a9ff33cf2df3ae6ec3f1f3d2651da9e7ac.jpg"
"440","Team Fortress 2","","Bravehurt","Kill 25 players defending a capture point or cart.","0","https://steamcdn-a.akamaihd.net/steamcommunity/public/images/apps/440/a66bf7c6adc42c398649363b5b87bfd9811a3d74.jpg","https://steamcdn-a.akamaihd.net/steamcommunity/public/images/apps/440/e7575d20ab56b9296e1c3fb3cd2fb3268a51933c.jpg"
"440","Team Fortress 2","","Cry Some Moor!","Destroy 50 buildings.","0","https://steamcdn-a.akamaihd.net/steamcommunity/public/images/apps/440/5225462f8e7c97db21758b85827fe1dc25e5c87e.jpg","https://steamcdn-a.akamaihd.net/steamcommunity/public/images/apps/440/4b64df1114aed1b3c5af2828da787ee737c9f2ae.jpg"
"440","Team Fortress 2","","The Stickening","Kill 3 Heavies from full health with a single stickybomb detonation.","0","https://steamcdn-a.akamaihd.net/steamcommunity/public/images/apps/440/c78044678ce7ed9f92003ba86987602de98f70a9.jpg","https://steamcdn-a.akamaihd.net/steamcommunity/public/images/apps/440/a325be4fb1bd5d1c3177a9dc680edc12fcbf3045.jpg"
"440","Team Fortress 2","","Glasg0wned","Kill 25 Scouts and Pyros with the Grenade Launcher.","0","https://steamcdn-a.akamaihd.net/steamcommunity/public/images/apps/440/a211b21f62275959a791ee7e3ab42393ec07baf4.jpg","https://steamcdn-a.akamaihd.net/steamcommunity/public/images/apps/440/1ddd249e6ce9192f7b2a4122246442b245983ea4.jpg"
"440","Team Fortress 2","","Scotch Tap","Glory in the slaughter of your enemies using the Eyelander.","0","https://steamcdn-a.akamaihd.net/steamcommunity/public/images/apps/440/df412af3d8412f99f4d9ccfb6b1626cc49f98ffb.jpg","https://steamcdn-a.akamaihd.net/steamcommunity/public/images/apps/440/8b3b89f3630c9a9767e162d974dd57b648c0c8cb.jpg"
"440","Team Fortress 2","","The Targe Charge","Charge and kill someone with your shield bash.","0","https://steamcdn-a.akamaihd.net/steamcommunity/public/images/apps/440/0ca2fdf6d14fcce54f5c9e38aca41a82c8b13919.jpg","https://steamcdn-a.akamaihd.net/steamcommunity/public/images/apps/440/a734669ee35d76e6f5aecbb00f59f034c80b077e.jpg"
"440","Team Fortress 2","","Beat Me Up, Scotty","Use a critical swing with the Eyelander to kill 5 enemy players.","0","https://steamcdn-a.akamaihd.net/steamcommunity/public/images/apps/440/876e434ddaa60410295223b65f54cfa5f97f3cfa.jpg","https://steamcdn-a.akamaihd.net/steamcommunity/public/images/apps/440/bc2d414b1e427aa0afdfab59014e62a6bc079031.jpg"
"440","Team Fortress 2","","Something Stickied This Way Comes","Kill 30 players with air burst stickybombs.","0","https://steamcdn-a.akamaihd.net/steamcommunity/public/images/apps/440/32786739f5764940b761c2d1fdadcd27bb61e773.jpg","https://steamcdn-a.akamaihd.net/steamcommunity/public/images/apps/440/9266caff9ea77462343a71c41ae298565bce7969.jpg"
"440","Team Fortress 2","","The High Road","Sticky jump onto a cap point and capture it.","0","https://steamcdn-a.akamaihd.net/steamcommunity/public/images/apps/440/91aeffe128fa3e9957ac52e09e0f59ed446d8ba0.jpg","https://steamcdn-a.akamaihd.net/steamcommunity/public/images/apps/440/851bb4b13fc1ad5b60964e9e6570b36b35975bb4.jpg"
"440","Team Fortress 2","","Bloody Merry","Provide an enemy player with a freezecam of your smiling face.","0","https://steamcdn-a.akamaihd.net/steamcommunity/public/images/apps/440/c6c8ab42a02dd093f7c1efa7d1561905c70c8980.jpg","https://steamcdn-a.akamaihd.net/steamcommunity/public/images/apps/440/cdd45ac32d401c55ee14887800af6fd87ca96e7b.jpg"
"440","Team Fortress 2","","Second Eye","Provide an enemy player with a freezecam of you shaking your rump.","0","https://steamcdn-a.akamaihd.net/steamcommunity/public/images/apps/440/711ae12d4047d2f7c665bbcdc4bd81d590b603c8.jpg","https://steamcdn-a.akamaihd.net/steamcommunity/public/images/apps/440/ae096e6eca4b266d646f6fc7b520030941b78cb2.jpg"
"440","Team Fortress 2","","He Who Celt It","Use the Sticky Launcher to kill an enemy player via environmental damage.","0","https://steamcdn-a.akamaihd.net/steamcommunity/public/images/apps/440/1298387aaa7a99cd968da245b5008ab3f85e712e.jpg","https://steamcdn-a.akamaihd.net/steamcommunity/public/images/apps/440/9a81eac808a46e2dfec9f7f3dd810c9d4fe1d6d1.jpg"
"440","Team Fortress 2","","Robbed Royal","Destroy 100 enemy stickybombs with the Scottish Resistance.","0","https://steamcdn-a.akamaihd.net/steamcommunity/public/images/apps/440/4c322bca9a85a49bd313dcd8e389c854255ec012.jpg","https://steamcdn-a.akamaihd.net/steamcommunity/public/images/apps/440/b0e71736f76192a0ccdafed42743007512aa5840.jpg"
"440","Team Fortress 2","","Highland Fling","Sticky jump a really long way...","0","https://steamcdn-a.akamaihd.net/steamcommunity/public/images/apps/440/7d70d4e5b40ad6eb324a92d5d42b10d350635ad0.jpg","https://steamcdn-a.akamaihd.net/steamcommunity/public/images/apps/440/473299758f1ddebbd9a8cf8184ee0bb088ca18c3.jpg"
"440","Team Fortress 2","","Pipebagger","Kill at least three players with a single detonation of stickybombs.","0","https://steamcdn-a.akamaihd.net/steamcommunity/public/images/apps/440/85f5e7474ceeb76899446570eb259a73e1fe68be.jpg","https://steamcdn-a.akamaihd.net/steamcommunity/public/images/apps/440/7425a70072d0cbce596689d494d41efbb00fbf3e.jpg"
"440","Team Fortress 2","","Spynal Tap","Kill 20 spies within 5 seconds of them sapping a friendly building.","0","https://steamcdn-a.akamaihd.net/steamcommunity/public/images/apps/440/0b3ba2bf77357ba0c89b7b916f56b38e1beeb8eb.jpg","https://steamcdn-a.akamaihd.net/steamcommunity/public/images/apps/440/496309efd41704f0ba517f48a74814a4f2f0aa38.jpg"
"440","Team Fortress 2","","Sticky Thump","Using the Scottish Resistance, kill 3 players in separate explosions without placing new stickybombs.","0","https://steamcdn-a.akamaihd.net/steamcommunity/public/images/apps/440/14d57df1bca88ebda61678e6b8e022c9357e34e3.jpg","https://steamcdn-a.akamaihd.net/steamcommunity/public/images/apps/440/d43097b53ce29b79f68582a8fec200e8c1137bb7.jpg"
"440","Team Fortress 2","","Revengineering","Use a revenge crit to kill the enemy player that destroyed your sentry gun.","0","https://steamcdn-a.akamaihd.net/steamcommunity/public/images/apps/440/910c48f96d86579054b8db87a5b32e1bc07ca3e7.jpg","https://steamcdn-a.akamaihd.net/steamcommunity/public/images/apps/440/fe4a46212c5c8d2e193e95627326b1257c8f4820.jpg"
"440","Team Fortress 2","","Pownd on the Range","Kill 10 enemies outside the normal sentry gun range using the Wrangler.","0","https://steamcdn-a.akamaihd.net/steamcommunity/public/images/apps/440/625dbccd829b3fc4ec2660932904026d21924ed3.jpg","https://steamcdn-a.akamaihd.net/steamcommunity/public/images/apps/440/f74bd017eb4b799be71456251c9ff42fe47d6570.jpg"
"440","Team Fortress 2","","Engineer Milestone 1","Achieve 5 of the achievements in the Engineer pack.","0","https://steamcdn-a.akamaihd.net/steamcommunity/public/images/apps/440/7961f87758aa2c278759a1746418675dca52fa92.jpg","https://steamcdn-a.akamaihd.net/steamcommunity/public/images/apps/440/fa96727c44f9c48100e626e83d3b77540c3c1866.jpg"
"440","Team Fortress 2","","Engineer Milestone 2","Achieve 11 of the achievements in the Engineer pack.","0","https://steamcdn-a.akamaihd.net/steamcommunity/public/images/apps/440/25b84bd60f8663fb3e83528c00122fa8ada8d404.jpg","https://steamcdn-a.akamaihd.net/steamcommunity/public/images/apps/440/5c5fbf78c3b23c22542d7b841dbd7a9d3e84c719.jpg"
"440","Team Fortress 2","","Engineer Milestone 3","Achieve 17 of the achievements in the Engineer pack.","0","https://steamcdn-a.akamaihd.net/steamcommunity/public/images/apps/440/f36813c5713d225db2268e350c7547d380813eee.jpg","https://steamcdn-a.akamaihd.net/steamcommunity/public/images/apps/440/8e4bb3fed8bd6c096764e8db7813909baf684327.jpg"
"440","Team Fortress 2","","Battle Rustler","Teleport 100 team members into battle.","0","https://steamcdn-a.akamaihd.net/steamcommunity/public/images/apps/440/164d1cb1cd05ad2e87c2712b4cdb501686782e9f.jpg","https://steamcdn-a.akamaihd.net/steamcommunity/public/images/apps/440/5a5a7fb7f90b8b48ffd468e4d7de44865e384944.jpg"
"440","Team Fortress 2","","The Extinguished Gentleman","Have dispensers you built extinguish 20 burning players.","0","https://steamcdn-a.akamaihd.net/steamcommunity/public/images/apps/440/211a9883ec42894482ef641604ba10ca57c557c7.jpg","https://steamcdn-a.akamaihd.net/steamcommunity/public/images/apps/440/4df5063bc0df9792a9f63c7ca03ae57f6bdbf248.jpg"
"440","Team Fortress 2","","Search Engine","Kill 3 cloaked Spies with a sentry gun under control of your Wrangler.","0","https://steamcdn-a.akamaihd.net/steamcommunity/public/images/apps/440/9639433872af7501283f8a58a5055af1bae18ba9.jpg","https://steamcdn-a.akamaihd.net/steamcommunity/public/images/apps/440/564d0a9e3b16f82183c544fe06bca846bf30370b.jpg"
"440","Team Fortress 2","","Building Block","Have a sentry shielded by the Wrangler absorb 500 damage without being destroyed.","0","https://steamcdn-a.akamaihd.net/steamcommunity/public/images/apps/440/d7f40e1d2ec010a6116f18e1468c65f17c55ea0e.jpg","https://steamcdn-a.akamaihd.net/steamcommunity/public/images/apps/440/080e95c178c209cd81b579a547ea14b32bd9b0cf.jpg"
"440","Team Fortress 2","","Unforgiven","Kill 3 enemies with revenge crits without dying.","0","https://steamcdn-a.akamaihd.net/steamcommunity/public/images/apps/440/55b11f0775d42551551f0f2ad6f6ac47a19c518e.jpg","https://steamcdn-a.akamaihd.net/steamcommunity/public/images/apps/440/81b71b7fbedf4cd1d2182c20bc3b691033f08964.jpg"
"440","Team Fortress 2","","Quick Draw","Kill a spy and two sappers within 10 seconds.","0","https://steamcdn-a.akamaihd.net/steamcommunity/public/images/apps/440/6d5559cbd850abdaac7e5c3d401eb7574d96cc9a.jpg","https://steamcdn-a.akamaihd.net/steamcommunity/public/images/apps/440/3dbcca6ddb26beea5bad87138d0b674c7e888bbd.jpg"
"440","Team Fortress 2","","The Wrench Connection","Kill a disguised spy with your Wrench.","0","https://steamcdn-a.akamaihd.net/steamcommunity/public/images/apps/440/a371f34effce6025d9b904618a895246b0fe90e8.jpg","https://steamcdn-a.akamaihd.net/steamcommunity/public/images/apps/440/956c92f32263fcec910a64964b99023b3b8e58d3.jpg"
"440","Team Fortress 2","","Silent Pardner","Upgrade 50 buildings built by other team members.","0","https://steamcdn-a.akamaihd.net/steamcommunity/public/images/apps/440/e412ff1ef17453e495fbcb19b7bc7b706cb573b2.jpg","https://steamcdn-a.akamaihd.net/steamcommunity/public/images/apps/440/25f486f24467a067b2f6e296ebae7d995667bdcf.jpg"
"440","Team Fortress 2","","Fistful of Sappers","Destroy 25 sappers on buildings built by other team members.","0","https://steamcdn-a.akamaihd.net/steamcommunity/public/images/apps/440/fa9e26fafa1f6e9d82acd853145b28a7c24b66d0.jpg","https://steamcdn-a.akamaihd.net/steamcommunity/public/images/apps/440/1ec6b200281cbe00df84253822ef8e4b1bb12565.jpg"
"440","Team Fortress 2","","Doc, Stock, and Barrel","Repair a sentry gun under fire while being healed by a Medic.","0","https://steamcdn-a.akamaihd.net/steamcommunity/public/images/apps/440/4c84f00d58024eed9a6447244fe8b8975428bed2.jpg","https://steamcdn-a.akamaihd.net/steamcommunity/public/images/apps/440/0b9b564280d30525353f1710a98bbf9bc0d17b63.jpg"
"440","Team Fortress 2","","Best Little Slaughterhouse in Texas","Rack up 5000 kills with your sentry guns.","0","https://steamcdn-a.akamaihd.net/steamcommunity/public/images/apps/440/e54b81f7fd6d568c62a09e9fcb0ce6cdbc085e95.jpg","https://steamcdn-a.akamaihd.net/steamcommunity/public/images/apps/440/b020bf0508e9129ad7660be8372e86511e0e7168.jpg"
"440","Team Fortress 2","","Frontier Justice","Have your sentry kill the enemy that just killed you within 10 seconds.","0","https://steamcdn-a.akamaihd.net/steamcommunity/public/images/apps/440/6d210a6e00042493e815e9e089c1c9229ab1913b.jpg","https://steamcdn-a.akamaihd.net/steamcommunity/public/images/apps/440/865ad655982c8250bfab81ba8193910596d04bdb.jpg"
"440","Team Fortress 2","","Six-String Stinger","Provide an enemy player with a freezecam of your guitar playing skills.","0","https://steamcdn-a.akamaihd.net/steamcommunity/public/images/apps/440/c75c68e146f9445911ee04a3c246233a2221ff6f.jpg","https://steamcdn-a.akamaihd.net/steamcommunity/public/images/apps/440/a26a7cf65d7146dd26494670816b6ebbbf7b0cf5.jpg"
"440","Team Fortress 2","","Uncivil Engineer","Provide an enemy player with a freezecam of you and the sentry that just killed them.","0","https://steamcdn-a.akamaihd.net/steamcommunity/public/images/apps/440/76d157b886b182ad5d4e6087b40371b9ede81e29.jpg","https://steamcdn-a.akamaihd.net/steamcommunity/public/images/apps/440/2791206144ce2a2b7f1309de30c189e0cc24120e.jpg"
"440","Team Fortress 2","","Texas Two-Step","Use your shotgun to finish off an enemy recently damaged by your sentry gun.","0","https://steamcdn-a.akamaihd.net/steamcommunity/public/images/apps/440/b0c7488420d8831a6337cc3ab5aff9388763f22a.jpg","https://steamcdn-a.akamaihd.net/steamcommunity/public/images/apps/440/d3c7c1b592257eaa09e575f469bb6c20029e9922.jpg"
"440","Team Fortress 2","","Doc Holiday","Have a dispenser heal 3 teammates at the same time.","0","https://steamcdn-a.akamaihd.net/steamcommunity/public/images/apps/440/c99c3093879e25f34043d6a61fb76022c52b720c.jpg","https://steamcdn-a.akamaihd.net/steamcommunity/public/images/apps/440/46a0cd5d52e26827759d4458af6c09855c64e481.jpg"
"440","Team Fortress 2","","No Man's Land","Use a sentry gun to kill 25 enemy players that are capturing a point.","0","https://steamcdn-a.akamaihd.net/steamcommunity/public/images/apps/440/eb3e6e679acffabc00006ce33d755e6c2c4d4440.jpg","https://steamcdn-a.akamaihd.net/steamcommunity/public/images/apps/440/d397c5ff28f9598865f4759022a7eb59e5e89132.jpg"
"440","Team Fortress 2","","Trade Secrets","Kill 20 players carrying the intelligence.","0","https://steamcdn-a.akamaihd.net/steamcommunity/public/images/apps/440/64d3a8d9dd7d22e9090d018eaf2b831fc8a838d8.jpg","https://steamcdn-a.akamaihd.net/steamcommunity/public/images/apps/440/f25b497c9da6a14a0895ea4a0347c156b3f1f4be.jpg"
"440","Team Fortress 2","","Death Metal","Pick up 10,000 waste metal from pieces of destroyed buildings.","0","https://steamcdn-a.akamaihd.net/steamcommunity/public/images/apps/440/a4a14b867abffdc73df97ad9500d0e6ea8b3acbb.jpg","https://steamcdn-a.akamaihd.net/steamcommunity/public/images/apps/440/ef3f43570c99d4a4768f43a9e37d9f93063ab316.jpg"
"440","Team Fortress 2","","Land Grab","Help a teammate construct a building.","0","https://steamcdn-a.akamaihd.net/steamcommunity/public/images/apps/440/574c5c66462a8a43bca4eefc042ae3983cd40bd3.jpg","https://steamcdn-a.akamaihd.net/steamcommunity/public/images/apps/440/6a4c15d2f78ad39c2ec6636bc093a2d4b56aa0b4.jpg"
"440","Team Fortress 2","","Get Along!","Manage to get to and then remove a sapper placed on your building while you were several meters away.","0","https://steamcdn-a.akamaihd.net/steamcommunity/public/images/apps/440/09d911c162a5da5e94778be0db51c3d106d70027.jpg","https://steamcdn-a.akamaihd.net/steamcommunity/public/images/apps/440/cd0617091511b5726b18f422b7cb0355a0f6b37c.jpg"
"440","Team Fortress 2","","How the Pests Was Gunned","Destroy 50 enemy stickybombs lying in range of friendly buildings.","0","https://steamcdn-a.akamaihd.net/steamcommunity/public/images/apps/440/3c5c8e62fc34a8e066341edd81da475561d3b18e.jpg","https://steamcdn-a.akamaihd.net/steamcommunity/public/images/apps/440/2317f1cebd8930a5723456a0af6d65346d4d0781.jpg"
"440","Team Fortress 2","","Honky Tonk Man","Smash an enemy player's head in with your guitar.","0","https://steamcdn-a.akamaihd.net/steamcommunity/public/images/apps/440/92097d071fa2009c5b586cd3fdf36599922b9e0a.jpg","https://steamcdn-a.akamaihd.net/steamcommunity/public/images/apps/440/cd6d671071cd156c898083d6e246f499394ebfa4.jpg"
"440","Team Fortress 2","","Breaking Morant","Kill 10 Snipers with a sentry gun under control of your Wrangler.","0","https://steamcdn-a.akamaihd.net/steamcommunity/public/images/apps/440/deba714a44923b292389d39e4293915c49acdde8.jpg","https://steamcdn-a.akamaihd.net/steamcommunity/public/images/apps/440/15b31e6bc36c9a11f72ce703919b29e9c97d0c09.jpg"
"440","Team Fortress 2","","Rio Grind","Perform 50 repairs and/or reloads on a Sentry gun being Wrangled by another Engineer.","0","https://steamcdn-a.akamaihd.net/steamcommunity/public/images/apps/440/b8d760821a67177ef3c1a2eb59b6b6e2eacfcee1.jpg","https://steamcdn-a.akamaihd.net/steamcommunity/public/images/apps/440/6b4f426f5c3cefba36d5c879e8d56f4d58bfa3bd.jpg"
"440","Team Fortress 2","","Patent Protection","Destroy an enemy Engineer's sentry gun with a sentry under control of your Wrangler.","0","https://steamcdn-a.akamaihd.net/steamcommunity/public/images/apps/440/b1002f02d2f95703de3b068a15a783470de0e695.jpg","https://steamcdn-a.akamaihd.net/steamcommunity/public/images/apps/440/2276bb264fdd4eb556a08b9dad44b7f31ebe180b.jpg"
"440","Team Fortress 2","","If You Build It, They Will Die","Haul a level 3 sentry gun into a position where it achieves a kill shortly after being redeployed.","0","https://steamcdn-a.akamaihd.net/steamcommunity/public/images/apps/440/d11b2debba6ffa0c03aae07509278d6d74da30a1.jpg","https://steamcdn-a.akamaihd.net/steamcommunity/public/images/apps/440/0f155f86efbb2470901d50fcb07603a9ac693b35.jpg"
"440","Team Fortress 2","","Texas Ranger","Haul buildings 1 km over your career.","0","https://steamcdn-a.akamaihd.net/steamcommunity/public/images/apps/440/9f4003141deb91ebd41d5482a879be15e8371184.jpg","https://steamcdn-a.akamaihd.net/steamcommunity/public/images/apps/440/4b2c8fe6580693cbfa29e5a49121b291e1df6ec9.jpg"
"440","Team Fortress 2","","Deputized","Get 10 assists with another Engineer where a sentry gun was involved in the kill.","0","https://steamcdn-a.akamaihd.net/steamcommunity/public/images/apps/440/5bf39bccee4401ff8a14a11534b16bb930c39705.jpg","https://steamcdn-a.akamaihd.net/steamcommunity/public/images/apps/440/7c07bb62a45b959b851bea81895f0100a36646b9.jpg"
"440","Team Fortress 2","","Drugstore Cowboy","Have dispensers you created dispense a combined amount of 100,000 health over your career.","0","https://steamcdn-a.akamaihd.net/steamcommunity/public/images/apps/440/6807ef10b79e85887924a9827120a128e57166bc.jpg","https://steamcdn-a.akamaihd.net/steamcommunity/public/images/apps/440/04fad49ba726ed455f34b64577b7c97595b03e03.jpg"
"440","Team Fortress 2","","Circle the Wagons","Repair 50,000 damage to friendly buildings constructed by other players.","0","https://steamcdn-a.akamaihd.net/steamcommunity/public/images/apps/440/24786738f2ae5780d353c75fdb85ee94334db8e0.jpg","https://steamcdn-a.akamaihd.net/steamcommunity/public/images/apps/440/276c1d51d318ff50685ace92cd40203372389303.jpg"
"440","Team Fortress 2","","Built to Last","Help a single building tank over 2000 damage without being destroyed.","0","https://steamcdn-a.akamaihd.net/steamcommunity/public/images/apps/440/b643828b36be14f878ce05ee7ae38cd52e9a3076.jpg","https://steamcdn-a.akamaihd.net/steamcommunity/public/images/apps/440/59587c34180f590ef4360ea841e38e25e233eed2.jpg"
"440","Team Fortress 2","","(Not So) Lonely Are the Brave","Keep a Heavy healed with your dispenser while he gains 5 kills.","0","https://steamcdn-a.akamaihd.net/steamcommunity/public/images/apps/440/eb59a40ff1c4f524f40e9afdf58a98525c2443c3.jpg","https://steamcdn-a.akamaihd.net/steamcommunity/public/images/apps/440/46063d679b05799c451e5b820543aa449ebe5bdf.jpg"
"440","Team Fortress 2","","Sleepy Holl0WND","Kill the Horseless Headless Horsemann.","0","https://steamcdn-a.akamaihd.net/steamcommunity/public/images/apps/440/348bd80951d2a5a5823d405d064ca9ecdecf02fb.jpg","https://steamcdn-a.akamaihd.net/steamcommunity/public/images/apps/440/d9f04f91c667b46c1d2d6cd56afa90acd17b0178.jpg"
"440","Team Fortress 2","","Masked Mann","Collect a Soul Gargoyle in Mann Manor.","0","https://steamcdn-a.akamaihd.net/steamcommunity/public/images/apps/440/e99fc0f4809d082f559fe67947983f094968c002.jpg","https://steamcdn-a.akamaihd.net/steamcommunity/public/images/apps/440/e848effc6e5717fcfea067d96a9374225cae582a.jpg"
"440","Team Fortress 2","","Sackston Hale","Craft the Saxton Hale Mask.","0","https://steamcdn-a.akamaihd.net/steamcommunity/public/images/apps/440/ce2957e2c0ae214a12e9f9896ca6417cf8a15121.jpg","https://steamcdn-a.akamaihd.net/steamcommunity/public/images/apps/440/6ff94597696e9a236633466ab912eafaf49f7390.jpg"
"440","Team Fortress 2","","Gored!","Collect the Horseless Headless Horsemann's Haunted Metal.","0","https://steamcdn-a.akamaihd.net/steamcommunity/public/images/apps/440/5c3cb7eae073813d9b375b044d29663b451a3036.jpg","https://steamcdn-a.akamaihd.net/steamcommunity/public/images/apps/440/21b1bf1f9de7df7b61241b1335088043a4c1c5ee.jpg"
"440","Team Fortress 2","","That's a Wrap","Save your very first replay.","0","https://steamcdn-a.akamaihd.net/steamcommunity/public/images/apps/440/b6d8f593da292750b0c4d402ba7e9f535ab7c352.jpg","https://steamcdn-a.akamaihd.net/steamcommunity/public/images/apps/440/e12de0fc44fdd08d7e1ae74db805b68d326a2ff3.jpg"
"440","Team Fortress 2","","We Can Fix It In Post","While watching a replay, press space bar to enter the editor.","0","https://steamcdn-a.akamaihd.net/steamcommunity/public/images/apps/440/5199376ff5870365a0eb89e19817976e23959ef2.jpg","https://steamcdn-a.akamaihd.net/steamcommunity/public/images/apps/440/b4c61dee9777c41d409a9f0fb131a73dfbbc927f.jpg"
"440","Team Fortress 2","","Time For Your Close-Up, Mr. Hale","Render a replay into a movie.","0","https://steamcdn-a.akamaihd.net/steamcommunity/public/images/apps/440/fc465f1749cd71ff7a789754c56cbcbee9d81b99.jpg","https://steamcdn-a.akamaihd.net/steamcommunity/public/images/apps/440/508d140e153b2db2b456d6e0a989625fb35a21fb.jpg"
"440","Team Fortress 2","","Ready for Duty","Complete each class to unlock the next.","0","https://steamcdn-a.akamaihd.net/steamcommunity/public/images/apps/440/a3bea243b4bfd20e8146a85ea9075888faee5541.jpg","https://steamcdn-a.akamaihd.net/steamcommunity/public/images/apps/440/ae649834785b86b407c1a856b43cd95e9ec4dba2.jpg"
"440","Team Fortress 2","","Riftwalker","Kill an enemy within 5 seconds of you traveling through an Engineer's teleporter.","0","https://steamcdn-a.akamaihd.net/steamcommunity/public/images/apps/440/50e0e0ed392ee66e37bb4a600e2c64d1bb584002.jpg","https://steamcdn-a.akamaihd.net/steamcommunity/public/images/apps/440/e8c90b021cb85cc9ffa64b28bbd7b3849b0b7e22.jpg"
"440","Team Fortress 2","","Home Movie","Achieve 100 YouTube™ views for your movie.","0","https://steamcdn-a.akamaihd.net/steamcommunity/public/images/apps/440/5c0d3a298ebcc93045ab57b9aacb2e6241a49d17.jpg","https://steamcdn-a.akamaihd.net/steamcommunity/public/images/apps/440/7e2420baaaf729be954daf5df4a4e9ac52c3ecc9.jpg"
"440","Team Fortress 2","","Local Cinema Star","Achieve 1000 YouTube™ views for your movie.","0","https://steamcdn-a.akamaihd.net/steamcommunity/public/images/apps/440/0d2b555f966d8d61b4fb2d11f2507ed02c79b66c.jpg","https://steamcdn-a.akamaihd.net/steamcommunity/public/images/apps/440/978772b2645f1cff3d8b9439fc3576ccef008d4e.jpg"
"440","Team Fortress 2","","Indie Film Sensation","Achieve 10,000 YouTube™ views for your movie.","0","https://steamcdn-a.akamaihd.net/steamcommunity/public/images/apps/440/83a3b4440c6fe59063784e90b3b909fb3d3346c1.jpg","https://steamcdn-a.akamaihd.net/steamcommunity/public/images/apps/440/4afc3614c5c5834791d1a3b5bd88fd8a7340e894.jpg"
"440","Team Fortress 2","","Blockbuster","Achieve 100,000 YouTube™ views for your movie.","0","https://steamcdn-a.akamaihd.net/steamcommunity/public/images/apps/440/eb02913c87069f90b7ad29479fedf5c2e12cfc2a.jpg","https://steamcdn-a.akamaihd.net/steamcommunity/public/images/apps/440/dd7064afd2d6a4f7d88c44f277f44da4c372338f.jpg"
"440","Team Fortress 2","","Star of My Own Show","Spend some time editing a replay.","0","https://steamcdn-a.akamaihd.net/steamcommunity/public/images/apps/440/85a37ccc89330579a3e4df30a37795a3f35cc933.jpg","https://steamcdn-a.akamaihd.net/steamcommunity/public/images/apps/440/4d1b32cd09bd06a40ba84c2006200cad37433cb7.jpg"
"440","Team Fortress 2","","Escape the Heat","Jump into a pool of refreshing water while on fire.","0","https://steamcdn-a.akamaihd.net/steamcommunity/public/images/apps/440/2c189ae2f6736351bb62fc5693769e11eb798afe.jpg","https://steamcdn-a.akamaihd.net/steamcommunity/public/images/apps/440/6bcf1a1c0832ffe817a921569d5a47f8bbfb26b1.jpg"
"440","Team Fortress 2","","Optical Defusion","Kill MONOCULUS!","0","https://steamcdn-a.akamaihd.net/steamcommunity/public/images/apps/440/40850aeb2681cade654e53274b188338a5c58333.jpg","https://steamcdn-a.akamaihd.net/steamcommunity/public/images/apps/440/a61057fa2f2799d4549884b2748b7bf7d4d0de71.jpg"
"440","Team Fortress 2","","Dive Into a Good Book","Get to Loot Island and claim your reward!","0","https://steamcdn-a.akamaihd.net/steamcommunity/public/images/apps/440/68e950b3648841aff0167e3edcd49690fb8c2c00.jpg","https://steamcdn-a.akamaihd.net/steamcommunity/public/images/apps/440/17a6aaac41df6d62a6858f73d52443c96768c618.jpg"
"440","Team Fortress 2","","Gift Grab","Collect three gifts dropped by opponents.","0","https://steamcdn-a.akamaihd.net/steamcommunity/public/images/apps/440/b7277ea1b2b2a69e00eed27fdb568fad1c3b5840.jpg","https://steamcdn-a.akamaihd.net/steamcommunity/public/images/apps/440/19186cf9e0a868dc980508c8172d82f8b868a9bc.jpg"
"440","Team Fortress 2","","Cap Trap","Kill an enemy who is capturing a control point with a critical hit.","0","https://steamcdn-a.akamaihd.net/steamcommunity/public/images/apps/440/dbe86ed93882cc0022e7afea8dc17b049f258019.jpg","https://steamcdn-a.akamaihd.net/steamcommunity/public/images/apps/440/de7469c3e1eeb7d409dbb3bbc463f8539d03386e.jpg"
"440","Team Fortress 2","","Foundry Force Five","Play in a game with five or more players from your Friends list.","0","https://steamcdn-a.akamaihd.net/steamcommunity/public/images/apps/440/1680a8c7a9ccdde1d29e379df013bdf252575587.jpg","https://steamcdn-a.akamaihd.net/steamcommunity/public/images/apps/440/54b8f1a3b8ae3b390d81065bf3757aa2efa74618.jpg"
"440","Team Fortress 2","","Two Minute Warring","Be part of a team that wins within two minutes.","0","https://steamcdn-a.akamaihd.net/steamcommunity/public/images/apps/440/c30f23dd8eb2e3b438d6dc9329b028d893adce12.jpg","https://steamcdn-a.akamaihd.net/steamcommunity/public/images/apps/440/8b1fb30be7b7bfe5992ccabf2180e9abe7fe80af.jpg"
"440","Team Fortress 2","","The Crucible","Win 137 Rounds.","0","https://steamcdn-a.akamaihd.net/steamcommunity/public/images/apps/440/c3ab1a650d25787718fc14e1e50424ccede1dc92.jpg","https://steamcdn-a.akamaihd.net/steamcommunity/public/images/apps/440/261ce641ff82995610f39bdb126c98c41b8a18db.jpg"
"440","Team Fortress 2","","Five the Fast Way","Capture the final control point within five seconds of your team capturing the previous control point.","0","https://steamcdn-a.akamaihd.net/steamcommunity/public/images/apps/440/4486e7d5e04160b1c8be9036f095adce8d811185.jpg","https://steamcdn-a.akamaihd.net/steamcommunity/public/images/apps/440/4491091e6d6fff3e4139f8eaea8886e4c5b632a2.jpg"
"440","Team Fortress 2","","Claim Jumper","Capture a control point within 12 seconds after exiting a teleporter.","0","https://steamcdn-a.akamaihd.net/steamcommunity/public/images/apps/440/dc5b125c51746485375a09739a5b0b71c12a72da.jpg","https://steamcdn-a.akamaihd.net/steamcommunity/public/images/apps/440/3e444798cfd4c29d53bd9789a3951062449bc335.jpg"
"440","Team Fortress 2","","Terminated, Too","Kill a player by pushing them into the cauldron fire.","0","https://steamcdn-a.akamaihd.net/steamcommunity/public/images/apps/440/bd88de7768e4efcb092ac3ddee27eba97379ac6a.jpg","https://steamcdn-a.akamaihd.net/steamcommunity/public/images/apps/440/ac0cd64941891bd66ebb97ff8bfd84f6a3ab6fe3.jpg"
"440","Team Fortress 2","","Real Steal","Win a round in which the enemy team has attempted to capture your final control point.","0","https://steamcdn-a.akamaihd.net/steamcommunity/public/images/apps/440/9330acc79a9d041c13295644705c4c30ffb29897.jpg","https://steamcdn-a.akamaihd.net/steamcommunity/public/images/apps/440/87199f19271434e12f1d67ec8577c040a3b68ce6.jpg"
"440","Team Fortress 2","","Classassin","Get one or more kills as all nine classes in one round.","0","https://steamcdn-a.akamaihd.net/steamcommunity/public/images/apps/440/297eec78b1ed3099afc0b66695aab02585018548.jpg","https://steamcdn-a.akamaihd.net/steamcommunity/public/images/apps/440/38cd1cffb503efe95fdf54d252ee33d3fb8d9e9c.jpg"
"440","Team Fortress 2","","Raze the Roof","Kill two people on the roof of the center control point in a single life.","0","https://steamcdn-a.akamaihd.net/steamcommunity/public/images/apps/440/567b6fd6f26e6a71e8954336fe9cd037c77812eb.jpg","https://steamcdn-a.akamaihd.net/steamcommunity/public/images/apps/440/e5d69c353384a86e1659cd3a415adbd544abeed0.jpg"
"440","Team Fortress 2","","Dead Heat","Play through a back-and-forth battle for 15 control point captures.","0","https://steamcdn-a.akamaihd.net/steamcommunity/public/images/apps/440/e3b3c1c47784b614c7fea34421995ba4fe118546.jpg","https://steamcdn-a.akamaihd.net/steamcommunity/public/images/apps/440/3cc1bedeffd471e83a8e528081af2cff47ff31da.jpg"
"440","Team Fortress 2","","Foundry Milestone","Achieve 7 of the achievements in the Foundry pack.","0","https://steamcdn-a.akamaihd.net/steamcommunity/public/images/apps/440/7950f342499a6d755eddb2f6d6d168be2775553c.jpg","https://steamcdn-a.akamaihd.net/steamcommunity/public/images/apps/440/271da99b1e60267f11f117d627dd35b90482e526.jpg"
"440","Team Fortress 2","","Steel Fragnolias","Complete all waves successfully in a mission.","0","https://steamcdn-a.akamaihd.net/steamcommunity/public/images/apps/440/tf_mvm_complete_pop_file.jpg","https://steamcdn-a.akamaihd.net/steamcommunity/public/images/apps/440/tf_mvm_complete_pop_file_bw.jpg"
"440","Team Fortress 2","","Mission Control","Pick up the Australium from its home position and capture it without dropping it.","0","https://steamcdn-a.akamaihd.net/steamcommunity/public/images/apps/440/53894e466a6da3642530933de52399490ead576a.jpg","https://steamcdn-a.akamaihd.net/steamcommunity/public/images/apps/440/b266a392bcf36b58fbdb2ff5ba4a99d1e16fc9fa.jpg"
"440","Team Fortress 2","","Flight Crew","Play in a game with five or more players from your Friends list.","0","https://steamcdn-a.akamaihd.net/steamcommunity/public/images/apps/440/90b630fea9e806b7d806a8f13bc09e4c2e3ac94d.jpg","https://steamcdn-a.akamaihd.net/steamcommunity/public/images/apps/440/1f53730196c0571f3244e19282e11fc0e4a17e6d.jpg"
"440","Team Fortress 2","","The Fight Stuff","Win 138 Rounds.","0","https://steamcdn-a.akamaihd.net/steamcommunity/public/images/apps/440/0590c453905fab1bdb39fc99ed6e5905cd598544.jpg","https://steamcdn-a.akamaihd.net/steamcommunity/public/images/apps/440/c6915d9f8009fa2e67f673e0942021b85c03a662.jpg"
"440","Team Fortress 2","","Plan Nine to Outer Space","Launch the rocket as all 9 classes.","0","https://steamcdn-a.akamaihd.net/steamcommunity/public/images/apps/440/5ae59c44ed394c431a1c76447fa43d7e697335e2.jpg","https://steamcdn-a.akamaihd.net/steamcommunity/public/images/apps/440/66950fd64b54db5c9ff762b2b0377f00e30322df.jpg"
"440","Team Fortress 2","","Failure to Launch","Kill 3 players riding the elevator within 10 seconds.","0","https://steamcdn-a.akamaihd.net/steamcommunity/public/images/apps/440/c300026fb2ad7c510237896089467f0301488241.jpg","https://steamcdn-a.akamaihd.net/steamcommunity/public/images/apps/440/8175a4b6ab6a8eb21521d90150a6b46e9d76b16b.jpg"
"440","Team Fortress 2","","Rocket Booster","Win a round after the enemy team has opened the rocket lid.","0","https://steamcdn-a.akamaihd.net/steamcommunity/public/images/apps/440/3e8f32c08fcad43f7f85eca39ddde522c9c40cf1.jpg","https://steamcdn-a.akamaihd.net/steamcommunity/public/images/apps/440/6c028b10fad1d8d5bb584598f87cef10b2cdf4c0.jpg"
"440","Team Fortress 2","","Best Case Scenario","Kill 6 enemies carrying the Australium during the same round.","0","https://steamcdn-a.akamaihd.net/steamcommunity/public/images/apps/440/be9bc0013226bc283dea9b248b56dadf85b49748.jpg","https://steamcdn-a.akamaihd.net/steamcommunity/public/images/apps/440/0c45978cb0fa11e60aa3c8eca9322b3c9a690081.jpg"
"440","Team Fortress 2","","Cap-ogee","Win a round with at least 5 teammates on the elevator.","0","https://steamcdn-a.akamaihd.net/steamcommunity/public/images/apps/440/c838026ddbcdb25a2b614d5fd8043d40072babc2.jpg","https://steamcdn-a.akamaihd.net/steamcommunity/public/images/apps/440/3cbff38aab9346c884b92310a2e0ab35e6bb5fdf.jpg"
"440","Team Fortress 2","","Space Camp","Kill an enemy within the broken crate area while they attempt to pick up the neutral Australium.","0","https://steamcdn-a.akamaihd.net/steamcommunity/public/images/apps/440/3f6ae9367323ca6e94addfe1f8e921ecc6802799.jpg","https://steamcdn-a.akamaihd.net/steamcommunity/public/images/apps/440/a8128ecf7c3bade9aa2b01ab10a4a80d6ff5a659.jpg"
"440","Team Fortress 2","","Lift-offed","Push a player into the rocket's exhaust path at the end of the round.","0","https://steamcdn-a.akamaihd.net/steamcommunity/public/images/apps/440/b893543ad6d3acd330ae0eaf580ce5d5f607338c.jpg","https://steamcdn-a.akamaihd.net/steamcommunity/public/images/apps/440/14ce26ce4afda1a62d9672a91a29f0940d07ff2f.jpg"
"440","Team Fortress 2","","Escape Ferocity","Kill an enemy who has damaged the Australium carrier in the last 3 seconds.","0","https://steamcdn-a.akamaihd.net/steamcommunity/public/images/apps/440/562212a7d82d95b3345bc5851368a6ca123bc2f8.jpg","https://steamcdn-a.akamaihd.net/steamcommunity/public/images/apps/440/885f68c511c221413306aeb879eacd877dcee108.jpg"
"440","Team Fortress 2","","Doomsday Milestone","Achieve 7 of the achievements in the Doomsday pack.","0","https://steamcdn-a.akamaihd.net/steamcommunity/public/images/apps/440/e87feb6888fcae98a13add91797097afc692419b.jpg","https://steamcdn-a.akamaihd.net/steamcommunity/public/images/apps/440/0df76866244fa519672631bfcc2bab89d81640a1.jpg"
"440","Team Fortress 2","","The Great Deflate","Kill 79 enemies who have Balloonicorn pets.","0","https://steamcdn-a.akamaihd.net/steamcommunity/public/images/apps/440/a1ba90d58b81b12ce97f83468a88f9d5ac2c095a.jpg","https://steamcdn-a.akamaihd.net/steamcommunity/public/images/apps/440/3318507a5f1f583d0840371a93ae205d5e4b50f1.jpg"
"440","Team Fortress 2","","BFF²","Have 2 BEST FRIENDS at the same time.","0","https://steamcdn-a.akamaihd.net/steamcommunity/public/images/apps/440/48e46ca20f9669d55f4d1705c53e956a1633884d.jpg","https://steamcdn-a.akamaihd.net/steamcommunity/public/images/apps/440/f788a1e1b63a8221fca2cb9744f090409348ec0f.jpg"
"440","Team Fortress 2","","Mass Hysteria","Have 6 teammates using Pyrovision at the same time.","0","https://steamcdn-a.akamaihd.net/steamcommunity/public/images/apps/440/20a10761fa5a7187777430bd04ee8abaebef3c56.jpg","https://steamcdn-a.akamaihd.net/steamcommunity/public/images/apps/440/01514857e12e670bef97f053853027b5c2a7d692.jpg"
"440","Team Fortress 2","","A Fresh Pair of Eyes","Dominate a player using the Pyrovision Goggles and earn your own pair!","0","https://steamcdn-a.akamaihd.net/steamcommunity/public/images/apps/440/9c684b7f03d2a4626e82c937b0eeda2af439e60d.jpg","https://steamcdn-a.akamaihd.net/steamcommunity/public/images/apps/440/f4727b536b170117a30420f948bb659838fcc4a7.jpg"
"440","Team Fortress 2","","Full Spectrum Warrior","Ignite 3 enemy players using your Rainblower taunt.","0","https://steamcdn-a.akamaihd.net/steamcommunity/public/images/apps/440/3915c6ac94b059b3af95a84febe589260137b7e3.jpg","https://steamcdn-a.akamaihd.net/steamcommunity/public/images/apps/440/3f724208d4c27ebed40b91c0109bb65630b36600.jpg"
"440","Team Fortress 2","","Wage Against the Machine","Earn a credit bonus at the end of a wave.","0","https://steamcdn-a.akamaihd.net/steamcommunity/public/images/apps/440/tf_mvm_earn_money_bonus.jpg","https://steamcdn-a.akamaihd.net/steamcommunity/public/images/apps/440/tf_mvm_earn_money_bonus_bw.jpg"
"440","Team Fortress 2","","Frags to Riches","Earn all credit bonuses in an advanced difficulty mission.","0","https://steamcdn-a.akamaihd.net/steamcommunity/public/images/apps/440/tf_mvm_advanced_earn_all_bonuses.jpg","https://steamcdn-a.akamaihd.net/steamcommunity/public/images/apps/440/tf_mvm_advanced_earn_all_bonuses_bw.jpg"
"440","Team Fortress 2","","Fast Cache","Pick up a credit pile that is about to expire.","0","https://steamcdn-a.akamaihd.net/steamcommunity/public/images/apps/440/tf_mvm_pickup_money_about_to_expire.jpg","https://steamcdn-a.akamaihd.net/steamcommunity/public/images/apps/440/tf_mvm_pickup_money_about_to_expire_bw.jpg"
"440","Team Fortress 2","","T-1000000","Collect 1,000,000 credits in your career.","0","https://steamcdn-a.akamaihd.net/steamcommunity/public/images/apps/440/tf_mvm_collect_money_grind.jpg","https://steamcdn-a.akamaihd.net/steamcommunity/public/images/apps/440/tf_mvm_collect_money_grind_bw.jpg"
"440","Team Fortress 2","","Brotherhood of Steel","Complete a mission with 5 people on your Friends List.","0","https://steamcdn-a.akamaihd.net/steamcommunity/public/images/apps/440/tf_mvm_play_game_friends.jpg","https://steamcdn-a.akamaihd.net/steamcommunity/public/images/apps/440/tf_mvm_play_game_friends_bw.jpg"
"440","Team Fortress 2","","Hack of All Trades","Play an entire mission as a single class, and do this for every class.","0","https://steamcdn-a.akamaihd.net/steamcommunity/public/images/apps/440/tf_mvm_play_each_class.jpg","https://steamcdn-a.akamaihd.net/steamcommunity/public/images/apps/440/tf_mvm_play_each_class_bw.jpg"
"440","Team Fortress 2","","Clockwork Carnage","Destroy two tanks within 5 seconds of each other.","0","https://steamcdn-a.akamaihd.net/steamcommunity/public/images/apps/440/tf_mvm_destroy_two_tanks.jpg","https://steamcdn-a.akamaihd.net/steamcommunity/public/images/apps/440/tf_mvm_destroy_two_tanks_bw.jpg"
"440","Team Fortress 2","","Balls-E","Destroy the tank during the final seconds of the bomb being deployed.","0","https://steamcdn-a.akamaihd.net/steamcommunity/public/images/apps/440/tf_mvm_destroy_tank_while_deploying.jpg","https://steamcdn-a.akamaihd.net/steamcommunity/public/images/apps/440/tf_mvm_destroy_tank_while_deploying_bw.jpg"
"440","Team Fortress 2","","Clockwork Conqueror","Destroy a tank within 20 seconds of its arrival.","0","https://steamcdn-a.akamaihd.net/steamcommunity/public/images/apps/440/tf_mvm_destroy_tank_quickly.jpg","https://steamcdn-a.akamaihd.net/steamcommunity/public/images/apps/440/tf_mvm_destroy_tank_quickly_bw.jpg"
"440","Team Fortress 2","","Spam Blocker","During a wave, defend the hatch 10 times from robots about to deliver a bomb.","0","https://steamcdn-a.akamaihd.net/steamcommunity/public/images/apps/440/tf_mvm_defend_cap.jpg","https://steamcdn-a.akamaihd.net/steamcommunity/public/images/apps/440/tf_mvm_defend_cap_bw.jpg"
"440","Team Fortress 2","",".executioner","In a single wave, kill 15 bomb-carrying robots in a row before they level up.","0","https://steamcdn-a.akamaihd.net/steamcommunity/public/images/apps/440/tf_mvm_kill_bomb_carriers.jpg","https://steamcdn-a.akamaihd.net/steamcommunity/public/images/apps/440/tf_mvm_kill_bomb_carriers_bw.jpg"
"440","Team Fortress 2","","Deus Ex Machina","Defeat a wave in an advanced difficulty mission without dying once.","0","https://steamcdn-a.akamaihd.net/steamcommunity/public/images/apps/440/tf_mvm_complete_wave_without_dying.jpg","https://steamcdn-a.akamaihd.net/steamcommunity/public/images/apps/440/tf_mvm_complete_wave_without_dying_bw.jpg"
"440","Team Fortress 2","","Raid Array","Complete the Crash Course, Doe's Drill, and Mann-euvers missions.","0","https://steamcdn-a.akamaihd.net/steamcommunity/public/images/apps/440/tf_mvm_complete_tour.jpg","https://steamcdn-a.akamaihd.net/steamcommunity/public/images/apps/440/tf_mvm_complete_tour_bw.jpg"
"440","Team Fortress 2","","Ghost in the Machine","Use a canteen charged with 'Teleport to Spawn' and then kill the bomb carrier within 5 seconds.","0","https://steamcdn-a.akamaihd.net/steamcommunity/public/images/apps/440/tf_mvm_use_teleport_bottle.jpg","https://steamcdn-a.akamaihd.net/steamcommunity/public/images/apps/440/tf_mvm_use_teleport_bottle_bw.jpg"
"440","Team Fortress 2","","Kritical Terror","Use a canteen charged with 'Crit Boost' to destroy a giant robot.","0","https://steamcdn-a.akamaihd.net/steamcommunity/public/images/apps/440/tf_mvm_use_crit_bottle.jpg","https://steamcdn-a.akamaihd.net/steamcommunity/public/images/apps/440/tf_mvm_use_crit_bottle_bw.jpg"
"440","Team Fortress 2","","German Engineering","Use a canteen charged with 'ÜberCharge' to destroy 15 robots.","0","https://steamcdn-a.akamaihd.net/steamcommunity/public/images/apps/440/tf_mvm_use_uber_bottle.jpg","https://steamcdn-a.akamaihd.net/steamcommunity/public/images/apps/440/tf_mvm_use_uber_bottle_bw.jpg"
"440","Team Fortress 2","","Undelete","During a wave, use a canteen charged with 'Instant Building Upgrade' to build a new sentry gun within 3 seconds of your previous sentry gun's destruction.","0","https://steamcdn-a.akamaihd.net/steamcommunity/public/images/apps/440/tf_mvm_use_build_bottle.jpg","https://steamcdn-a.akamaihd.net/steamcommunity/public/images/apps/440/tf_mvm_use_build_bottle_bw.jpg"
"440","Team Fortress 2","","Shell Extension","During a wave, use a canteen charged with 'Ammo Reload' to refill an empty weapon slot.","0","https://steamcdn-a.akamaihd.net/steamcommunity/public/images/apps/440/tf_mvm_use_ammo_bottle.jpg","https://steamcdn-a.akamaihd.net/steamcommunity/public/images/apps/440/tf_mvm_use_ammo_bottle_bw.jpg"
"440","Team Fortress 2","","System Upgrade","Max out all primary weapon upgrades.","0","https://steamcdn-a.akamaihd.net/steamcommunity/public/images/apps/440/tf_mvm_max_primary_upgrades.jpg","https://steamcdn-a.akamaihd.net/steamcommunity/public/images/apps/440/tf_mvm_max_primary_upgrades_bw.jpg"
"440","Team Fortress 2","","Maximum Performance","Max out all resistances on a single class.","0","https://steamcdn-a.akamaihd.net/steamcommunity/public/images/apps/440/tf_mvm_max_player_resistances.jpg","https://steamcdn-a.akamaihd.net/steamcommunity/public/images/apps/440/tf_mvm_max_player_resistances_bw.jpg"
"440","Team Fortress 2","","Engine Block","Prevent the bomb from ever reaching an alarm zone during the final wave of an advanced difficulty mission.","0","https://steamcdn-a.akamaihd.net/steamcommunity/public/images/apps/440/tf_mvm_no_alarms_in_final_wave.jpg","https://steamcdn-a.akamaihd.net/steamcommunity/public/images/apps/440/tf_mvm_no_alarms_in_final_wave_bw.jpg"
"440","Team Fortress 2","","Negative Charge","Kill 5 Medics that are ready to deploy an ÜberCharge in a wave.","0","https://steamcdn-a.akamaihd.net/steamcommunity/public/images/apps/440/tf_mvm_kill_medics_charged.jpg","https://steamcdn-a.akamaihd.net/steamcommunity/public/images/apps/440/tf_mvm_kill_medics_charged_bw.jpg"
"440","Team Fortress 2","","Silicon Slaughter","Destroy 100,000 robots.","0","https://steamcdn-a.akamaihd.net/steamcommunity/public/images/apps/440/tf_mvm_kill_robot_grind.jpg","https://steamcdn-a.akamaihd.net/steamcommunity/public/images/apps/440/tf_mvm_kill_robot_grind_bw.jpg"
"440","Team Fortress 2","","Metal Massacre","Destroy 1,000,000 robots.","0","https://steamcdn-a.akamaihd.net/steamcommunity/public/images/apps/440/tf_mvm_kill_robot_mega_grind.jpg","https://steamcdn-a.akamaihd.net/steamcommunity/public/images/apps/440/tf_mvm_kill_robot_mega_grind_bw.jpg"
"440","Team Fortress 2","","Ctrl + Assault + Delete","Destroy a sentry buster before it reaches its target.","0","https://steamcdn-a.akamaihd.net/steamcommunity/public/images/apps/440/tf_mvm_kill_sentry_buster.jpg","https://steamcdn-a.akamaihd.net/steamcommunity/public/images/apps/440/tf_mvm_kill_sentry_buster_bw.jpg"
"440","Team Fortress 2","","Sly Voltage","As a Spy, sap 10 robots at once.","0","https://steamcdn-a.akamaihd.net/steamcommunity/public/images/apps/440/tf_mvm_spy_sap_robots.jpg","https://steamcdn-a.akamaihd.net/steamcommunity/public/images/apps/440/tf_mvm_spy_sap_robots_bw.jpg"
"440","Team Fortress 2","","Turbocharger","Buff 4 or more teammates as a Soldier at the same time in a single wave.","0","https://steamcdn-a.akamaihd.net/steamcommunity/public/images/apps/440/tf_mvm_soldier_buff_team.jpg","https://steamcdn-a.akamaihd.net/steamcommunity/public/images/apps/440/tf_mvm_soldier_buff_team_bw.jpg"
"440","Team Fortress 2","","Heavy Mettle","During a wave, use rage as a Heavy to push a robot about to deliver the bomb.","0","https://steamcdn-a.akamaihd.net/steamcommunity/public/images/apps/440/tf_mvm_heavy_rage_push_deploying_robot.jpg","https://steamcdn-a.akamaihd.net/steamcommunity/public/images/apps/440/tf_mvm_heavy_rage_push_deploying_robot_bw.jpg"
"440","Team Fortress 2","","Vial Sharing","As a Medic, share your canteen 5 times in a single wave.","0","https://steamcdn-a.akamaihd.net/steamcommunity/public/images/apps/440/tf_mvm_medic_share_bottles.jpg","https://steamcdn-a.akamaihd.net/steamcommunity/public/images/apps/440/tf_mvm_medic_share_bottles_bw.jpg"
"440","Team Fortress 2","","Tech Wrecker","As a Demoman, kill 10 robots in a single detonation.","0","https://steamcdn-a.akamaihd.net/steamcommunity/public/images/apps/440/tf_mvm_demo_group_kill.jpg","https://steamcdn-a.akamaihd.net/steamcommunity/public/images/apps/440/tf_mvm_demo_group_kill_bw.jpg"
"440","Team Fortress 2","","Do Androids Dream?","As a Scout, use the Sandman to mark 15 robots for death in a single wave.","0","https://steamcdn-a.akamaihd.net/steamcommunity/public/images/apps/440/tf_mvm_scout_mark_for_death.jpg","https://steamcdn-a.akamaihd.net/steamcommunity/public/images/apps/440/tf_mvm_scout_mark_for_death_bw.jpg"
"440","Team Fortress 2","","Spark Plugger","As a Sniper, kill 4 robots simultaneously.","0","https://steamcdn-a.akamaihd.net/steamcommunity/public/images/apps/440/tf_mvm_sniper_kill_group.jpg","https://steamcdn-a.akamaihd.net/steamcommunity/public/images/apps/440/tf_mvm_sniper_kill_group_bw.jpg"
"440","Team Fortress 2","","Hard Reset","As a Pyro, reset the bomb 3 times in a single wave.","0","https://steamcdn-a.akamaihd.net/steamcommunity/public/images/apps/440/tf_mvm_pyro_bomb_reset.jpg","https://steamcdn-a.akamaihd.net/steamcommunity/public/images/apps/440/tf_mvm_pyro_bomb_reset_bw.jpg"
"440","Team Fortress 2","","Real Steal","As an Engineer, escape with your sentry as a sentry buster is about to detonate.","0","https://steamcdn-a.akamaihd.net/steamcommunity/public/images/apps/440/tf_mvm_engineer_escape_sentry_buster.jpg","https://steamcdn-a.akamaihd.net/steamcommunity/public/images/apps/440/tf_mvm_engineer_escape_sentry_buster_bw.jpg"
"440","Team Fortress 2","","A Lovely Vacation Spot","Get to Skull Island and claim your reward!","0","https://steamcdn-a.akamaihd.net/steamcommunity/public/images/apps/440/eb8a4d0bfdd4fbcf23b09b7ee907bd0755f762d0.jpg","https://steamcdn-a.akamaihd.net/steamcommunity/public/images/apps/440/b6303af8203ce5148035a2cacf6bd33b0c61bb62.jpg"
"440","Team Fortress 2","","Wizards Never Prosper","Kill MERASMUS!","0","https://steamcdn-a.akamaihd.net/steamcommunity/public/images/apps/440/b8e0b214a945f2b491366223fb9a1201e9aa7b48.jpg","https://steamcdn-a.akamaihd.net/steamcommunity/public/images/apps/440/aad49d1b90be81205e0cbd2e232fa20fe18c3c1e.jpg"
"440","Team Fortress 2","","Helltower: Hell's Spells","Get and use a rare spell","0","https://steamcdn-a.akamaihd.net/steamcommunity/public/images/apps/440/8ff3097b4f6210ac1b6e50371ba82588f339b097.jpg","https://steamcdn-a.akamaihd.net/steamcommunity/public/images/apps/440/b1c9f63abc32e41d24cd72fd7ece942381cd1e72.jpg"
"440","Team Fortress 2","","Helltower: Competitive Spirit","Win 142 rounds","0","https://steamcdn-a.akamaihd.net/steamcommunity/public/images/apps/440/53a6397a0a831f1c7a6daca1ef1c003677d46692.jpg","https://steamcdn-a.akamaihd.net/steamcommunity/public/images/apps/440/47c8906e391d099fb86b12e53d7cab9819b3f643.jpg"
"440","Team Fortress 2","","Helltower: Mine Games","Perform 17 environmental kills in Hell","0","https://steamcdn-a.akamaihd.net/steamcommunity/public/images/apps/440/5a96d9265d014fadc5f4a0f0ed6439dbaad5a28c.jpg","https://steamcdn-a.akamaihd.net/steamcommunity/public/images/apps/440/02ab21fbd300b7ec2cf75f57d9ea1015f6943503.jpg"
"440","Team Fortress 2","","Helltower: Skeleton Coup","Kill 99 skeletons","0","https://steamcdn-a.akamaihd.net/steamcommunity/public/images/apps/440/36f10cdc752bbe8717f4c7853f0be38ed7b9b9b1.jpg","https://steamcdn-a.akamaihd.net/steamcommunity/public/images/apps/440/7b62dd9e3e26dcb2152f4b7af8b1b330ad333fa8.jpg"
"440","Team Fortress 2","","Helltower: Spelling Spree","Use spells to kill 25 players","0","https://steamcdn-a.akamaihd.net/steamcommunity/public/images/apps/440/4b68b2cfa2fb5e72a0444a6b95959e80d2fc3c77.jpg","https://steamcdn-a.akamaihd.net/steamcommunity/public/images/apps/440/997c635d20fc2fb5e57567339fddd8c06943e4b9.jpg"
"440","Team Fortress 2","","Helltower: The Mann-tastic Four","Earn 4 of the Helltower achievements","0","https://steamcdn-a.akamaihd.net/steamcommunity/public/images/apps/440/3e010afbb8b8097eafb8c79292f74e2629497f43.jpg","https://steamcdn-a.akamaihd.net/steamcommunity/public/images/apps/440/836f04b92e9afd087ae27873f7c151f8ad787916.jpg"
"440","Team Fortress 2","","Helltower: Hat Out of Hell","Get the loot from Skull Island in Hell","0","https://steamcdn-a.akamaihd.net/steamcommunity/public/images/apps/440/e00acbeb7357793ac24123c7c2be5525f3bc0a6c.jpg","https://steamcdn-a.akamaihd.net/steamcommunity/public/images/apps/440/62f10a4f07c5b6393a399688c93a1643f18b6445.jpg"
"440","Team Fortress 2","","Helltower: Hell on Wheels","Send Redmond/Blutarch to Hell 10 times","0","https://steamcdn-a.akamaihd.net/steamcommunity/public/images/apps/440/c512faf198b0cf975c2868555b06f3b47c68c22f.jpg","https://steamcdn-a.akamaihd.net/steamcommunity/public/images/apps/440/66872d260be9b439e7ecfde7dba87b8aca9a9059.jpg"
"440","Team Fortress 2","","Stand and Deliver","Win 139 Rounds.","0","https://steamcdn-a.akamaihd.net/steamcommunity/public/images/apps/440/c1e82fe850b067c3a24f9e7d07ed25150d206e5e.jpg","https://steamcdn-a.akamaihd.net/steamcommunity/public/images/apps/440/8be766a033a60bbdc7d0ded6045c4816e1e36143.jpg"
"440","Team Fortress 2","","Process of Elimination","Win 140 Rounds.","0","https://steamcdn-a.akamaihd.net/steamcommunity/public/images/apps/440/6e6d054ea640d5240ed59f18c6d4a7cfe3d2e79f.jpg","https://steamcdn-a.akamaihd.net/steamcommunity/public/images/apps/440/9113dc11e180a18d2fe36907e9da41e1b6ced612.jpg"
"440","Team Fortress 2","","Snakewater Salesman","Win 141 Rounds.","0","https://steamcdn-a.akamaihd.net/steamcommunity/public/images/apps/440/6ee7493bc48b90de48bdabf4de6ce0768197d137.jpg","https://steamcdn-a.akamaihd.net/steamcommunity/public/images/apps/440/0723691bdda873d12f05358977b303855586db32.jpg"
"440","Team Fortress 2","","Snakebit","Win a round in which the enemy team has attempted to capture your final control point.","0","https://steamcdn-a.akamaihd.net/steamcommunity/public/images/apps/440/a7d05b751a2a5b51d5b0038c431416719ddc8d92.jpg","https://steamcdn-a.akamaihd.net/steamcommunity/public/images/apps/440/4a6f7f02e7343e25db716348f16c89b06a620b6c.jpg"
"440","Team Fortress 2","","The Snakeout","Wipe the other team with 12 or more players on the server.","0","https://steamcdn-a.akamaihd.net/steamcommunity/public/images/apps/440/692c1e2a2091ee0c755db8a28fef2615b194bcdc.jpg","https://steamcdn-a.akamaihd.net/steamcommunity/public/images/apps/440/720ad447a439aa9d42d54c821f3a8a38d327f240.jpg"
"440","Team Fortress 2","","Mutually Air-Sured-Destruction","While rocket jumping, use a rocket to kill a rocket jumping enemy who also kills you with a rocket.","0","https://steamcdn-a.akamaihd.net/steamcommunity/public/images/apps/440/b272dd09c287eeb4b072a928315139fd2b72a734.jpg","https://steamcdn-a.akamaihd.net/steamcommunity/public/images/apps/440/6706abb617da105d8fd563dd0bc18ecf978465d7.jpg"
"440","Team Fortress 2","","Log Jammin","Kill 15 enemies in the rafters above the central capture point.","0","https://steamcdn-a.akamaihd.net/steamcommunity/public/images/apps/440/5a9f5c3071acf54cffb22cd80b91fc4b6a65ed7a.jpg","https://steamcdn-a.akamaihd.net/steamcommunity/public/images/apps/440/84bd7597073e4806f111f7282370d81078d99376.jpg"
"440","Team Fortress 2","","Palace-Aid","Kill a tank before it crashes through the barrier in Rottenburg.","0","https://steamcdn-a.akamaihd.net/steamcommunity/public/images/apps/440/05d3fd9bb59052875dbf8051871d9c58df162634.jpg","https://steamcdn-a.akamaihd.net/steamcommunity/public/images/apps/440/c67a2fe9c5492d7662f71245cf0d44992c28a619.jpg"
"440","Team Fortress 2","","Crasher Crusher","Play an advanced wave in Rottenburg without the bomb entering the town.","0","https://steamcdn-a.akamaihd.net/steamcommunity/public/images/apps/440/f4eb468b02499baa2e4cdd9e507ea428306f5991.jpg","https://steamcdn-a.akamaihd.net/steamcommunity/public/images/apps/440/726eda799d20f0fedb4a8d3880c3f1f8e0ce8522.jpg"
"440","Team Fortress 2","","Chippin' In","As a team, pit 10 robots in a single wave in Mannhattan.","0","https://steamcdn-a.akamaihd.net/steamcommunity/public/images/apps/440/f2abe3c440d04fcb63a95c1fa9e70088bd4f37c2.jpg","https://steamcdn-a.akamaihd.net/steamcommunity/public/images/apps/440/470039fc7231fd2794830322d72158b185014ddc.jpg"
"440","Team Fortress 2","","Now Legal To Eat","Ooohh Ooh Ahh Ahhhh! ...in Mannhattan","0","https://steamcdn-a.akamaihd.net/steamcommunity/public/images/apps/440/ed3fd653a820687ac37905eff37c7f6066ab791c.jpg","https://steamcdn-a.akamaihd.net/steamcommunity/public/images/apps/440/97f95c297e453302fee04b35eff4d15612bc25e5.jpg"
"440","Team Fortress 2","","Get Off My Lawn","Play an advanced mission without losing a single gate in Mannhattan.","0","https://steamcdn-a.akamaihd.net/steamcommunity/public/images/apps/440/e03afb581fbc71c448d7bf989f397c8f5cef553e.jpg","https://steamcdn-a.akamaihd.net/steamcommunity/public/images/apps/440/6b409262970981edc73f24971051a9833e7104b8.jpg"
"440","Team Fortress 2","","Software Downgrade","As a team, kill 50 stunned radiowave robots in an advanced mission in Mannhattan.","0","https://steamcdn-a.akamaihd.net/steamcommunity/public/images/apps/440/bb57fa41f34ada3dc650d5a2de11bd0cbe55eb2e.jpg","https://steamcdn-a.akamaihd.net/steamcommunity/public/images/apps/440/3a6074715402a552ca47ab03a80b7ef905fa3675.jpg"
"440","Team Fortress 2","","Urban Strike","Kill 500 gate crashing robots in Mannhattan.","0","https://steamcdn-a.akamaihd.net/steamcommunity/public/images/apps/440/76b8b4a105ed66d7f4b1e93656ab1e6f4d2321cc.jpg","https://steamcdn-a.akamaihd.net/steamcommunity/public/images/apps/440/d9cbe1e62ed39f59bf46b95a3beb845cdf1fb0c5.jpg"
"440","Team Fortress 2","","Bot-Buster","Kill 5 robots in a single explosion from detonating a sentry buster.","0","https://steamcdn-a.akamaihd.net/steamcommunity/public/images/apps/440/9e37e0c1b7d3c02fce1e2faaaeb7bb2a76e92f5f.jpg","https://steamcdn-a.akamaihd.net/steamcommunity/public/images/apps/440/f7937ad3250b5f3963345c239af281ebc3f636e9.jpg"
"440","Team Fortress 2","","A Bygone Century","Pit 100 robots in Rottenburg.","0","https://steamcdn-a.akamaihd.net/steamcommunity/public/images/apps/440/8383596cb5b09408d76023518d6ad5e7fc692b06.jpg","https://steamcdn-a.akamaihd.net/steamcommunity/public/images/apps/440/bba27e2d7c1a62b095d54aa7a351f9b9c157e132.jpg"
"440","Team Fortress 2","","Bank On It","As a Sniper collect $500 in a mission without running over the currency packs.","0","https://steamcdn-a.akamaihd.net/steamcommunity/public/images/apps/440/595522035ee69f19220a292bf3c073cc4171a3e6.jpg","https://steamcdn-a.akamaihd.net/steamcommunity/public/images/apps/440/ec2921ad12c6f41430a58023b7eecb84359934e3.jpg"
"440","Team Fortress 2","","Wall of Pain","Block 5,000 damage with the shield as a Medic in a single life.","0","https://steamcdn-a.akamaihd.net/steamcommunity/public/images/apps/440/7c8062b2d9624891d5e199fb5ddf7fe2b3eb8129.jpg","https://steamcdn-a.akamaihd.net/steamcommunity/public/images/apps/440/0fcfa60d000ad3004d8f5fe5e5bbdca6be588536.jpg"
"440","Team Fortress 2","","Reanimator 2","Use one ÜberCharge to quickly revive 2 teammates within 5 seconds.","0","https://steamcdn-a.akamaihd.net/steamcommunity/public/images/apps/440/3011a6f8580c704261ed76d1396450ea0cf2da0b.jpg","https://steamcdn-a.akamaihd.net/steamcommunity/public/images/apps/440/72b32b6a7e546343ea7fff67b328d1d2ed4837a9.jpg"
"440","Team Fortress 2","","Robot Flush","Kill 5 robots with a single rocket while upgraded with rocket specialist.","0","https://steamcdn-a.akamaihd.net/steamcommunity/public/images/apps/440/8596ec4092bba1d93a469e56053f1b057ac0af5a.jpg","https://steamcdn-a.akamaihd.net/steamcommunity/public/images/apps/440/8141da37565cd46eb7af5c590fc5418d0b7b7c54.jpg"
"440","Team Fortress 2","","Dazed and Defused","Stun 50 robots while upgraded with rocket specialist.","0","https://steamcdn-a.akamaihd.net/steamcommunity/public/images/apps/440/bddc6133ffdd3ba36c009d8ab643af7740256bfa.jpg","https://steamcdn-a.akamaihd.net/steamcommunity/public/images/apps/440/c2a4908d840d9eb5ed0e3a8bbe1042b303e9f1e8.jpg"
"440","Team Fortress 2","","Nose Dive","Kill 10 parachuting players.","0","https://steamcdn-a.akamaihd.net/steamcommunity/public/images/apps/440/tf_parachute_kill_grind.jpg","https://steamcdn-a.akamaihd.net/steamcommunity/public/images/apps/440/tf_parachute_kill_grind_bw.jpg"
"440","Team Fortress 2","","Punching Bag","Melee kill 10 Snipers using The Classic.","0","https://steamcdn-a.akamaihd.net/steamcommunity/public/images/apps/440/tf_melee_kill_classic_rifle_sniper.jpg","https://steamcdn-a.akamaihd.net/steamcommunity/public/images/apps/440/tf_melee_kill_classic_rifle_sniper_bw.jpg"
"440","Team Fortress 2","","Emergency Brake","Kill a charging Demoman.","0","https://steamcdn-a.akamaihd.net/steamcommunity/public/images/apps/440/tf_kill_charging_demo.jpg","https://steamcdn-a.akamaihd.net/steamcommunity/public/images/apps/440/tf_kill_charging_demo_bw.jpg"
"440","Team Fortress 2","","Back in Business","While using the Back Scatter, kill 20 spies from behind.","0","https://steamcdn-a.akamaihd.net/steamcommunity/public/images/apps/440/tf_scout_backscatter_kill_spy_grind.jpg","https://steamcdn-a.akamaihd.net/steamcommunity/public/images/apps/440/tf_scout_backscatter_kill_spy_grind_bw.jpg"
"440","Team Fortress 2","","Back 2 Back","While using the Back Scatter, kill a Heavy/Medic pair within 20 seconds of each other.","0","https://steamcdn-a.akamaihd.net/steamcommunity/public/images/apps/440/tf_scout_backscatter_kill_heavy_medic_pair.jpg","https://steamcdn-a.akamaihd.net/steamcommunity/public/images/apps/440/tf_scout_backscatter_kill_heavy_medic_pair_bw.jpg"
"440","Team Fortress 2","","Severed Ties","While using the Back Scatter, kill 20 friends from behind.","0","https://steamcdn-a.akamaihd.net/steamcommunity/public/images/apps/440/tf_scout_backscatter_kill_friends_grind.jpg","https://steamcdn-a.akamaihd.net/steamcommunity/public/images/apps/440/tf_scout_backscatter_kill_friends_grind_bw.jpg"
"440","Team Fortress 2","","Hipshot","While using The Classic, kill 10 enemies with a full charge, no-scope headshot.","0","https://steamcdn-a.akamaihd.net/steamcommunity/public/images/apps/440/tf_sniper_classic_rifle_noscope_headshot.jpg","https://steamcdn-a.akamaihd.net/steamcommunity/public/images/apps/440/tf_sniper_classic_rifle_noscope_headshot_bw.jpg"
"440","Team Fortress 2","","Eagle Eye","While using The Classic, kill a rocket/grenade jumping enemy in midair with a full charge, no-scope headshot.","0","https://steamcdn-a.akamaihd.net/steamcommunity/public/images/apps/440/tf_sniper_classic_rifle_headshot_jumper.jpg","https://steamcdn-a.akamaihd.net/steamcommunity/public/images/apps/440/tf_sniper_classic_rifle_headshot_jumper_bw.jpg"
"440","Team Fortress 2","","Prime Cuts","While using The Classic, gib all 9 classes during a single round.","0","https://steamcdn-a.akamaihd.net/steamcommunity/public/images/apps/440/tf_sniper_classic_rifle_gib_grind.jpg","https://steamcdn-a.akamaihd.net/steamcommunity/public/images/apps/440/tf_sniper_classic_rifle_gib_grind_bw.jpg"
"440","Team Fortress 2","","Upper Hand","Kill 3 players during the same parachute deploy.","0","https://steamcdn-a.akamaihd.net/steamcommunity/public/images/apps/440/tf_soldier_parachute_kill_group.jpg","https://steamcdn-a.akamaihd.net/steamcommunity/public/images/apps/440/tf_soldier_parachute_kill_group_bw.jpg"
"440","Team Fortress 2","","Project Excelsior","Parachute 19.47 miles.","0","https://steamcdn-a.akamaihd.net/steamcommunity/public/images/apps/440/tf_soldier_parachute_distance.jpg","https://steamcdn-a.akamaihd.net/steamcommunity/public/images/apps/440/tf_soldier_parachute_distance_bw.jpg"
"440","Team Fortress 2","","Dogfight","Kill a parachuting player while parachuting.","0","https://steamcdn-a.akamaihd.net/steamcommunity/public/images/apps/440/tf_soldier_parachute_kill_parachute.jpg","https://steamcdn-a.akamaihd.net/steamcommunity/public/images/apps/440/tf_soldier_parachute_kill_parachute_bw.jpg"
"440","Team Fortress 2","","Air Raid","Kill 3 players during the same parachute deploy.","0","https://steamcdn-a.akamaihd.net/steamcommunity/public/images/apps/440/tf_demoman_parachute_kill_group.jpg","https://steamcdn-a.akamaihd.net/steamcommunity/public/images/apps/440/tf_demoman_parachute_kill_group_bw.jpg"
"440","Team Fortress 2","","Operation High Dive","Parachute 19.47 miles.","0","https://steamcdn-a.akamaihd.net/steamcommunity/public/images/apps/440/tf_demoman_parachute_distance.jpg","https://steamcdn-a.akamaihd.net/steamcommunity/public/images/apps/440/tf_demoman_parachute_distance_bw.jpg"
"440","Team Fortress 2","","Flight Control","Kill a parachuting player while parachuting.","0","https://steamcdn-a.akamaihd.net/steamcommunity/public/images/apps/440/tf_demoman_parachute_kill_parachute.jpg","https://steamcdn-a.akamaihd.net/steamcommunity/public/images/apps/440/tf_demoman_parachute_kill_parachute_bw.jpg"
"440","Team Fortress 2","","U-Turn","Kill an enemy that you couldn't see at the beginning of your charge.","0","https://steamcdn-a.akamaihd.net/steamcommunity/public/images/apps/440/tf_demoman_kill_player_you_didnt_see.jpg","https://steamcdn-a.akamaihd.net/steamcommunity/public/images/apps/440/tf_demoman_kill_player_you_didnt_see_bw.jpg"
"440","Team Fortress 2","","Chain Reaction","Get 3 kills within 6 seconds using the Demoman charge.","0","https://steamcdn-a.akamaihd.net/steamcommunity/public/images/apps/440/tf_demoman_quick_kills.jpg","https://steamcdn-a.akamaihd.net/steamcommunity/public/images/apps/440/tf_demoman_quick_kills_bw.jpg"
"440","Team Fortress 2","","Head-On Collision","Kill a charging Demoman while charging.","0","https://steamcdn-a.akamaihd.net/steamcommunity/public/images/apps/440/tf_demoman_charge_kill_charging_demo.jpg","https://steamcdn-a.akamaihd.net/steamcommunity/public/images/apps/440/tf_demoman_charge_kill_charging_demo_bw.jpg"
"440","Team Fortress 2","","Fast Fingers","Backstab a Scout that is using the Back Scatter.","0","https://steamcdn-a.akamaihd.net/steamcommunity/public/images/apps/440/tf_spy_kill_backscatter_scout.jpg","https://steamcdn-a.akamaihd.net/steamcommunity/public/images/apps/440/tf_spy_kill_backscatter_scout_bw.jpg"
"440","Team Fortress 2","","Maximum Potential","Collect enough casualties to get the max clip for the Air Strike.","0","https://steamcdn-a.akamaihd.net/steamcommunity/public/images/apps/440/tf_soldier_airstrike_max_clip.jpg","https://steamcdn-a.akamaihd.net/steamcommunity/public/images/apps/440/tf_soldier_airstrike_max_clip_bw.jpg"
"440","Team Fortress 2","","Bombs Away!","Kill 3 people with the Air Strike during a single rocket jump.","0","https://steamcdn-a.akamaihd.net/steamcommunity/public/images/apps/440/tf_soldier_airstrike_group_kill.jpg","https://steamcdn-a.akamaihd.net/steamcommunity/public/images/apps/440/tf_soldier_airstrike_group_kill_bw.jpg"
"440","Team Fortress 2","","Flight Cancelled","Kill 25 parachuting players with a critical headshot.","0","https://steamcdn-a.akamaihd.net/steamcommunity/public/images/apps/440/tf_sniper_parachute_grind.jpg","https://steamcdn-a.akamaihd.net/steamcommunity/public/images/apps/440/tf_sniper_parachute_grind_bw.jpg"
"440","Team Fortress 2","","Party Crasher","Kill 3 players who are doing the Conga within 5 seconds.","0","https://steamcdn-a.akamaihd.net/steamcommunity/public/images/apps/440/tf_taunt_conga_kill.jpg","https://steamcdn-a.akamaihd.net/steamcommunity/public/images/apps/440/tf_taunt_conga_kill_bw.jpg"
"440","Team Fortress 2","","Conga Line","Do the Conga with 10 or more players at the same time.","0","https://steamcdn-a.akamaihd.net/steamcommunity/public/images/apps/440/tf_taunt_conga_line.jpg","https://steamcdn-a.akamaihd.net/steamcommunity/public/images/apps/440/tf_taunt_conga_line_bw.jpg"
"440","Team Fortress 2","","On The Rocks","Lose at Rock, Paper, Scissors 3 times in a row with Rock.","0","https://steamcdn-a.akamaihd.net/steamcommunity/public/images/apps/440/tf_taunt_rps_rock.jpg","https://steamcdn-a.akamaihd.net/steamcommunity/public/images/apps/440/tf_taunt_rps_rock_bw.jpg"
"440","Team Fortress 2","","Running With Scissors","Win at Rock, Paper, Scissors 3 times in a row with Scissors.","0","https://steamcdn-a.akamaihd.net/steamcommunity/public/images/apps/440/tf_taunt_rps_scissors.jpg","https://steamcdn-a.akamaihd.net/steamcommunity/public/images/apps/440/tf_taunt_rps_scissors_bw.jpg"
"440","Team Fortress 2","","May I Cut In, Too?","Melee kill 10 players while they are doing the Square Dance taunt.","0","https://steamcdn-a.akamaihd.net/steamcommunity/public/images/apps/440/tf_taunt_dosido_melle_kill.jpg","https://steamcdn-a.akamaihd.net/steamcommunity/public/images/apps/440/tf_taunt_dosido_melle_kill_bw.jpg"
"440","Team Fortress 2","","Showboat","Do 10 partner taunts with a teammate while capturing a control point.","0","https://steamcdn-a.akamaihd.net/steamcommunity/public/images/apps/440/tf_taunt_while_capping.jpg","https://steamcdn-a.akamaihd.net/steamcommunity/public/images/apps/440/tf_taunt_while_capping_bw.jpg"
"440","Team Fortress 2","","Flip-Kabob","Ignite a player that is being flipped by someone using the Flippin' Awesome taunt.","0","https://steamcdn-a.akamaihd.net/steamcommunity/public/images/apps/440/tf_pyro_ignite_player_being_flipped.jpg","https://steamcdn-a.akamaihd.net/steamcommunity/public/images/apps/440/tf_pyro_ignite_player_being_flipped_bw.jpg"
"440","Team Fortress 2","","Carnival of Carnage: Bumper Crop","Kill 30 enemies by bumping their bumper cars off the tracks.","0","https://steamcdn-a.akamaihd.net/steamcommunity/public/images/apps/440/7d1715111509821a9a9e018bcb6102ffef52ef3a.jpg","https://steamcdn-a.akamaihd.net/steamcommunity/public/images/apps/440/ed4812006a13f76aa9e4a8f963e12085c3950cfa.jpg"
"440","Team Fortress 2","","Carnival of Carnage: Up All Night To Get Ducky","Collect 250 ducks.","0","https://steamcdn-a.akamaihd.net/steamcommunity/public/images/apps/440/3217ad450114c3ca108984cf717f043a7bc3ba33.jpg","https://steamcdn-a.akamaihd.net/steamcommunity/public/images/apps/440/9fc57b7547c5d0a53402e361c93441a9cdd35799.jpg"
"440","Team Fortress 2","","Carnival of Carnage: Hat Trick","Score 3 goals in bumper car soccer.","0","https://steamcdn-a.akamaihd.net/steamcommunity/public/images/apps/440/dad97f0369cd8489b7f3ab0b5ee3aed7465c9483.jpg","https://steamcdn-a.akamaihd.net/steamcommunity/public/images/apps/440/ee8ae9092026448c306e9b1446a899e5a4ae1bad.jpg"
"440","Team Fortress 2","","Carnival of Carnage: ReinKartnation","Respawn 30 ghost teammates during bumper car games.","0","https://steamcdn-a.akamaihd.net/steamcommunity/public/images/apps/440/a648ae467263a2b20b3615a7ff64c4ffef3f9220.jpg","https://steamcdn-a.akamaihd.net/steamcommunity/public/images/apps/440/1c191786b06c27911ecdf6e5bc8876811ab5b6e3.jpg"
"440","Team Fortress 2","","Carnival of Carnage: Arms Reduction","Kill 15 enemies while under the effect of Merasmus's melee-only curse.","0","https://steamcdn-a.akamaihd.net/steamcommunity/public/images/apps/440/158146dc69dd97dbd2c06bec75e807087a6265ea.jpg","https://steamcdn-a.akamaihd.net/steamcommunity/public/images/apps/440/cef76ca1b96ca5bc3788cf1881af57d33af9b279.jpg"
"440","Team Fortress 2","","Carnival of Carnage: Step Right Up","Earn 4 of the Carnival of Carnage achievements.","0","https://steamcdn-a.akamaihd.net/steamcommunity/public/images/apps/440/0ad8bede96bbf5bd080ca4a951a5b1c625ef7b46.jpg","https://steamcdn-a.akamaihd.net/steamcommunity/public/images/apps/440/c022de85f8a9716868b43cf48c2d2ba876a459f2.jpg"
"440","Team Fortress 2","","Carnival of Carnage: Bumper to Bumper to Bumper","Win each of the 3 bumper car games to earn a bonus Halloween Gift Cauldron.","0","https://steamcdn-a.akamaihd.net/steamcommunity/public/images/apps/440/7672f0b9bf80c08d1440d187895bc2ca46fcd26f.jpg","https://steamcdn-a.akamaihd.net/steamcommunity/public/images/apps/440/3e804e0963edcf5760ecd6696c5b75c975f4f137.jpg"
"440","Team Fortress 2","","The Power and the Glory","Win 142 Rounds.","0","https://steamcdn-a.akamaihd.net/steamcommunity/public/images/apps/440/ab88c5e7066fcca3f23a42f9a2381a932f3a81f3.jpg","https://steamcdn-a.akamaihd.net/steamcommunity/public/images/apps/440/f9aca9543439d73e8ce3a2b8bec11c50cdf79379.jpg"
"440","Team Fortress 2","","Balance of Power","Win a round in which the enemy team has attempted to capture your final control point.","0","https://steamcdn-a.akamaihd.net/steamcommunity/public/images/apps/440/703fbfac737ee8ce81308b5222bc7b40c921a3fd.jpg","https://steamcdn-a.akamaihd.net/steamcommunity/public/images/apps/440/e6a6f2299a2af690bcb676cee512aba4aebeea82.jpg"
"440","Team Fortress 2","","Power Trip","Capture the final control point within 15 seconds of your team capturing the previous control point.","0","https://steamcdn-a.akamaihd.net/steamcommunity/public/images/apps/440/0b9678df9e98d1afb2d42f227df55c9a59207a92.jpg","https://steamcdn-a.akamaihd.net/steamcommunity/public/images/apps/440/5553401df6683d55f0339bdd6e341e01f76d738a.jpg"
"440","Team Fortress 2","","Power Down","Kill 15 enemies while they are capturing a point.","0","https://steamcdn-a.akamaihd.net/steamcommunity/public/images/apps/440/b7fa71c0a667b7f923ccfbe30cc9f645daacd4c7.jpg","https://steamcdn-a.akamaihd.net/steamcommunity/public/images/apps/440/3183a32c9e208e69d5407c6cc33f50ff65018eaf.jpg"
"440","Team Fortress 2","","Wet Work","Kill five enemies while they are in the water.","0","https://steamcdn-a.akamaihd.net/steamcommunity/public/images/apps/440/66e8f0e00ffd6c571f89755a0d1d217a70bf60eb.jpg","https://steamcdn-a.akamaihd.net/steamcommunity/public/images/apps/440/74ca9978f665d96d504ff2f7f4ef808bbf905a1c.jpg"
"440","Team Fortress 2","","Tune Merasmus's Multi-Dimensional Television","Reveal the mystery of the PASS Time TV Room.","0","https://steamcdn-a.akamaihd.net/steamcommunity/public/images/apps/440/ec2fd56976b589681cae00c7e394943e03a3b0ec.jpg","https://steamcdn-a.akamaihd.net/steamcommunity/public/images/apps/440/165dd3dc615da375b66f8058fcb7e65676f6ee07.jpg"
"440","Team Fortress 2","","Jackpot!","Win 10 rounds playing PASS Time.","0","https://steamcdn-a.akamaihd.net/steamcommunity/public/images/apps/440/30bf4f3c31e143d9e352d8fd05a00bd7dc3dd767.jpg","https://steamcdn-a.akamaihd.net/steamcommunity/public/images/apps/440/e5e75bfc78f897e3bde0fa12a0e0a984ed83e159.jpg"